證券代號,證券名稱,成交股數,成交金額,開盤價,最高價,最低價,收盤價,漲跌價差,成交筆數
"0050","元大台灣50","13905000","1982747150","142.75","143.20","142.25","142.65","0.8000","2952"
"0051","元大中型100","81000","4885400","60.30","60.35","60.20","60.35","0.2500","59"
"0052","富邦科技","371000","48724500","131.20","131.60","131.05","131.40","1.2000","96"
"0053","元大電子","4000","274950","68.65","69.00","68.65","69.00","0.5000","4"
"0054","元大台商50","3000","93590","31.10","31.25","31.10","31.24","0.0000","3"
"0055","元大MSCI金融","493000","11942170","24.23","24.27","24.20","24.22","0.0100","193"
"0056","元大高股息","5960000","198850880","33.36","33.40","33.34","33.34","0.0400","2975"
"0057","富邦摩台","24000","2361700","98.55","98.55","98.15","98.40","0.6000","6"
"0061","元大寶滬深","162000","3689180","22.83","22.90","22.75","22.75","-0.0800","49"
"006203","元大MSCI台灣","8000","547600","68.40","68.65","68.25","68.25","0.0500","7"
"006204","永豐臺灣加權","29000","2613200","90.10","90.30","90.05","90.30","0.6500","22"
"006205","富邦上証","1036000","38343230","37.27","37.27","36.93","37.00","0.0700","138"
"006206","元大上證50","88000","3153540","35.85","36.00","35.75","35.83","-0.0400","37"
"006207","FH滬深","392000","11760540","29.99","30.07","29.90","29.90","0.0200","25"
"006208","富邦台50","1852000","148960600","80.30","80.65","80.30","80.40","0.4500","893"
"00625K","富邦上証+R","","","","","","","0.0000",""
"00631L","元大台灣50正2","2011000","284079700","141.10","142.10","140.85","141.25","1.5500","821"
"00632R","元大台灣50反1","81712000","426268130","5.22","5.23","5.20","5.21","-0.0400","4936"
"00633L","富邦上証正2","4423000","246682600","56.10","56.40","55.30","55.65","0.0500","830"
"00634R","富邦上証反1","74000","290430","3.93","3.93","3.91","3.93","-0.0100","16"
"00635U","期元大S&P黃金","660000","15819980","23.94","24.01","23.94","23.99","0.2500","146"
"00636","國泰中國A50","880000","22138140","25.20","25.30","25.07","25.16","0.0100","429"
"00636K","國泰中國A50+U","200","1808","9.04","9.04","9.04","9.04","0.0000","2"
"00637L","元大滬深300正2","29797000","659839510","22.20","22.38","21.94","22.09","0.0400","4877"
"00638R","元大滬深300反1","1797000","14512790","8.07","8.10","8.04","8.09","-0.0100","34"
"00639","富邦深100","379000","6304380","16.56","16.70","16.56","16.58","0.0300","57"
"00640L","富邦日本正2","601000","17727290","29.50","29.60","29.41","29.52","0.4800","100"
"00641R","富邦日本反1","141000","1425550","10.13","10.14","10.10","10.11","-0.0800","27"
"00642U","期元大S&P石油","11243000","145230900","12.90","12.95","12.88","12.91","0.3000","1885"
"00643","群益深証中小","165000","3143870","19.07","19.12","18.93","19.03","0.1300","63"
"00643K","群益深証中小+R","","","","","","","0.0000",""
"00645","富邦日本","155000","4054760","26.20","26.20","26.13","26.19","0.2100","23"
"00646","元大S&P500","309000","12405840","40.20","40.22","40.12","40.14","0.4000","182"
"00647L","元大S&P500正2","165000","12773250","77.35","77.55","77.30","77.55","1.8000","61"
"00648R","元大S&P500反1","1887000","12134190","6.44","6.44","6.42","6.43","-0.0800","123"
"00650L","FH香港正2","2330000","46137360","19.76","19.95","19.62","19.85","0.2800","342"
"00651R","FH香港反1","114000","922450","8.11","8.12","8.06","8.10","-0.0500","41"
"00652","富邦印度","42000","1179080","27.97","28.14","27.97","28.10","0.2400","27"
"00653L","富邦印度正2","429000","18526760","43.10","43.38","43.06","43.26","1.0000","193"
"00654R","富邦印度反1","194000","1634170","8.47","8.47","8.40","8.41","-0.1300","73"
"00655L","國泰中國A50正2","959000","40271760","42.15","42.48","41.64","41.95","0.1000","348"
"00656R","國泰中國A50反1","104000","768460","7.38","7.41","7.36","7.41","0.0000","10"
"00657","國泰日經225","1000","34480","34.48","34.48","34.48","34.48","0.1700","1"
"00657K","國泰日經225+U","200","2484","12.42","12.42","12.42","12.42","0.0700","2"
"00660","元大歐洲50","3000","90140","30.01","30.12","30.01","30.12","0.0000","3"
"00661","元大日經225","4000","143470","35.85","35.92","35.85","35.92","0.0000","2"
"00662","富邦NASDAQ","470000","27194900","57.95","57.95","57.80","57.90","0.7000","170"
"00663L","國泰臺灣加權正2","5000","642450","128.70","128.70","128.35","128.45","1.6000","4"
"00664R","國泰臺灣加權反1","3976000","23473320","5.91","5.92","5.89","5.91","-0.0300","392"
"00665L","富邦恒生國企正2","1166000","16495110","14.28","14.29","13.95","14.16","0.1100","149"
"00666R","富邦恒生國企反1","71000","958570","13.57","13.57","13.50","13.50","-0.1000","3"
"00668","國泰美國道瓊","25000","900670","36.00","36.10","36.00","36.01","0.2400","18"
"00668K","國泰美國道瓊+U","200","2592","12.96","12.96","12.96","12.96","0.1100","2"
"00669R","國泰美國道瓊反1","1195000","9102930","7.63","7.63","7.61","7.61","-0.0700","283"
"00670L","富邦NASDAQ正2","720000","88981350","123.50","123.85","123.40","123.80","3.8000","332"
"00671R","富邦NASDAQ反1","3729000","18332800","4.92","4.92","4.91","4.92","-0.0800","305"
"00673R","期元大S&P原油反1","3772000","51945340","13.80","13.80","13.73","13.78","-0.3500","853"
"00674R","期元大S&P黃金反1","125000","1626580","13.05","13.05","13.00","13.01","-0.1400","26"
"00675L","富邦臺灣加權正2","341000","18855100","55.20","55.55","55.05","55.30","0.7000","151"
"00676R","富邦臺灣加權反1","5432000","17512390","3.23","3.24","3.21","3.22","-0.0300","301"
"00678","群益NBI生技","164000","4437820","27.09","27.09","27.05","27.06","-0.0300","28"
"00680L","元大美債20正2","13000","335060","25.76","25.83","25.76","25.76","0.1100","10"
"00681R","元大美債20反1","8000","103120","12.89","12.89","12.89","12.89","-0.0700","4"
"00682U","期元大美元指數","48000","909280","18.94","18.95","18.94","18.95","-0.0600","27"
"00683L","期元大美元指正2","662000","12279040","18.58","18.58","18.53","18.55","-0.1700","144"
"00684R","期元大美元指反1","","","","","","","0.0000",""
"00685L","群益臺灣加權正2","21000","1018190","48.30","48.80","48.30","48.63","0.8900","14"
"00686R","群益臺灣加權反1","217000","763000","3.52","3.52","3.51","3.52","-0.0100","26"
"00688L","國泰20年美債正2","2000","51540","25.77","25.77","25.77","25.77","0.1800","2"
"00689R","國泰20年美債反1","7000","94830","13.56","13.56","13.54","13.56","-0.0500","4"
"00690","兆豐藍籌30","245000","8267770","33.61","33.82","33.61","33.75","0.1400","26"
"00692","富邦公司治理","2917000","102996200","35.27","35.41","35.24","35.30","0.1700","1001"
"00693U","期街口S&P黃豆","447000","9421330","21.04","21.12","21.01","21.12","0.2300","201"
"00700","富邦恒生國企","282000","4149590","14.64","14.80","14.64","14.71","0.0100","32"
"00701","國泰股利精選30","426000","11330030","26.60","26.61","26.57","26.59","0.0900","163"
"00702","國泰標普低波高息","114000","2312800","20.25","20.30","20.25","20.29","0.0700","10"
"00703","台新MSCI中國","128000","2404230","18.73","18.87","18.72","18.87","0.2700","33"
"00706L","期元大S&P日圓正2","2000","29170","14.58","14.59","14.58","14.59","0.0000","2"
"00707R","期元大S&P日圓反1","","","","","","","0.0000",""
"00708L","期元大S&P黃金正2","1364000","35497770","25.96","26.10","25.96","26.06","0.5000","442"
"00709","富邦歐洲","104000","2452370","23.55","23.61","23.55","23.61","0.1600","5"
"00710B","FH彭博高收益債","678000","12108450","17.86","17.87","17.84","17.86","0.0100","137"
"00711B","FH彭博新興債","114000","2303990","20.25","20.25","20.20","20.20","-0.0300","17"
"00712","FH富時不動產","5397000","71933130","13.29","13.35","13.29","13.33","0.1300","1561"
"00713","元大台灣高息低波","1122000","47519300","42.30","42.40","42.26","42.37","0.1700","341"
"00714","群益道瓊美國地產","253000","5879630","23.24","23.26","23.21","23.25","0.2200","57"
"00715L","期街口布蘭特正2","78460000","751481870","9.57","9.63","9.52","9.57","0.3600","5891"
"00717","富邦美國特別股","502000","8350800","16.62","16.66","16.62","16.63","0.0600","90"
"00728","第一金工業30","392000","11973230","30.46","30.59","30.46","30.57","0.1600","152"
"00730","富邦臺灣優質高息","427000","8399560","19.59","19.70","19.59","19.68","0.0900","210"
"00731","FH富時高息低波","1145000","66861700","58.20","58.40","58.20","58.35","0.1500","132"
"00732","國泰RMB短期報酬","100000","4012000","40.12","40.12","40.12","40.12","-0.0400","2"
"00733","富邦臺灣中小","580000","24200040","41.40","41.82","41.40","41.74","0.3400","206"
"00735","國泰臺韓科技","109000","3607290","32.94","33.10","32.94","33.03","0.1600","8"
"00736","國泰新興市場","113000","2453660","21.68","21.79","21.68","21.78","0.2200","9"
"00737","國泰AI+Robo","403000","13446420","33.38","33.40","33.34","33.36","0.3100","43"
"00738U","期元大道瓊白銀","637000","14790720","23.17","23.29","23.16","23.29","0.3500","243"
"00739","元大MSCI A股","52000","1462800","28.13","28.31","28.09","28.10","0.0300","16"
"00742","新光內需收益","152000","3568720","23.45","23.51","23.45","23.51","0.1100","40"
"00743","國泰中國A150","2000","60280","30.15","30.15","30.13","30.13","0.3700","2"
"00752","中信中國50","1195000","25393310","21.18","21.36","21.16","21.26","0.1100","439"
"00753L","中信中國50正2","1046000","21886410","20.88","21.03","20.65","20.94","0.3700","292"
"00757","統一FANG+","1593000","80356100","50.55","50.60","50.35","50.45","0.6300","482"
"00762","元大全球AI","322000","14475030","44.88","44.98","44.88","44.94","0.4900","102"
"00763U","期街口道瓊銅","109000","3073460","28.18","28.25","28.16","28.20","0.2200","39"
"00770","國泰北美科技","111000","4467600","40.21","40.29","40.20","40.27","0.5000","9"
"00771","元大US高息特別股","7000","131960","18.82","18.86","18.82","18.85","0.0900","6"
"00774B","新光中國政金綠債","2000","80600","40.30","40.30","40.30","40.30","0.0000","2"
"00774C","新光中政金綠債+R","","","","","","","0.0000",""
"00775B","新光投等債15+","2000","84160","42.08","42.08","42.08","42.08","0.1200","2"
"00783","富邦中証500","325000","7995080","24.51","24.62","24.48","24.58","0.0700","15"
"008201","BP上證50","100","11890","118.90","118.90","118.90","118.90","0.0000","1"
"00830","國泰費城半導體","1052000","35951640","34.17","34.27","34.15","34.17","0.3300","281"
"00850","元大臺灣ESG永續","2019000","71522640","35.34","35.50","35.31","35.42","0.2000","538"
"00851","台新全球AI","50000","1782510","35.69","35.71","35.64","35.70","0.3200","8"
"00852L","國泰美國道瓊正2","349000","7747640","22.19","22.22","22.18","22.21","0.3500","104"
"00861","元大全球未來通訊","322000","10440910","32.41","32.45","32.39","32.42","0.3900","165"
"00865B","國泰US短期公債","107000","3899220","36.29","36.47","36.29","36.47","-0.0700","5"
"00875","國泰網路資安","94000","2899020","30.85","30.90","30.81","30.84","0.2300","71"
"00876","元大未來關鍵科技","1098000","36168060","32.87","32.99","32.87","32.92","0.3500","219"
"00878","國泰永續高股息","8744000","165455350","18.90","18.96","18.90","18.91","0.0400","2900"
"00881","國泰台灣5G+","21435000","397591190","18.49","18.60","18.49","18.54","0.1100","5702"
"00882","中信中國高股息","23636000","339365140","14.16","14.46","14.15","14.45","0.3100","4181"
"00885","富邦越南","8920000","156731960","17.72","17.73","17.47","17.49","-0.2300","3453"
"00891","中信關鍵半導體","10408000","177807330","17.07","17.15","17.03","17.05","0.0900","2230"
"00892","富邦台灣半導體","8270000","140557470","16.98","17.05","16.92","16.94","0.1000","1979"
"00893","國泰智能電動車","16718000","275712110","16.47","16.53","16.46","16.52","0.3300","5160"
"00894","中信小資高價30","1640000","26535450","16.18","16.22","16.15","16.18","0.1300","444"
"00895","富邦未來車","8733000","155106110","17.74","17.79","17.72","17.77","0.3900","2591"
"00896","中信綠能及電動車","7306000","111517380","15.22","15.29","15.22","15.28","0.1200","1732"
"00897","富邦基因免疫生技","2236000","29981320","13.44","13.44","13.39","13.40","-0.0300","341"
"00898","國泰基因免疫革命","1358000","13057160","9.64","9.64","9.60","9.60","-0.0400","434"
"00900","富邦特選高股息30","108108000","1655904410","15.40","15.40","15.28","15.28","-0.1400","33946"
"00901","永豐智能車供應鏈","9776000","148524080","15.14","15.23","15.14","15.20","0.1300","2332"
"01001T","土銀富邦R1","148000","2649380","17.90","17.91","17.90","17.91","0.0000","46"
"01002T","土銀國泰R1","108000","1956500","18.15","18.15","18.11","18.11","0.0000","51"
"01003T","兆豐新光R1","67000","1316530","19.65","19.85","19.60","19.85","-0.0500","7"
"01004T","土銀富邦R2","3000","47190","15.73","15.73","15.73","15.73","0.0200","3"
"01007T","兆豐國泰R2","1000","19860","19.86","19.86","19.86","19.86","0.0000","1"
"01009T","王道圓滿R1","26000","237060","9.11","9.14","9.09","9.09","-0.0100","4"
"01010T","京城樂富R1","114000","1178650","10.34","10.35","10.31","10.31","-0.0300","17"
"020000","富邦特選蘋果N","13000","93980","7.23","7.23","7.22","7.23","0.0400","4"
"020002","元富新中國N","","","","","","","0.0000",""
"020004","兆豐電菁英30N","","","","","","","0.0000",""
"020006","永昌中小300N","","","","","","","0.0000",""
"020007","凱基臺灣500N","","","","","","","0.0000",""
"020008","元大特股高息N","22000","283680","12.90","12.91","12.88","12.90","0.0100","10"
"020011","統一微波高息20N","2000","14020","7.01","7.01","7.01","7.01","0.0100","1"
"020012","富邦行動通訊N","","","","","","","0.0000",""
"020015","統一MSCI美低波N","","","","","","","0.0000",""
"020016","統一MSCI美科技N","3000","66060","22.01","22.03","22.01","22.03","0.2900","3"
"020018","統一價值成長30N","9000","172930","19.23","19.23","19.21","19.21","-0.0400","4"
"020019","統一特選台灣5GN","18000","278050","15.44","15.49","15.41","15.42","0.1200","9"
"02001L","富邦蘋果正二N","61000","675880","11.11","11.11","11.05","11.05","0.1100","3"
"02001R","富邦蘋果反一N","","","","","","","0.0000",""
"020020","元大台股領航N","531000","4046380","7.60","7.64","7.60","7.62","0.0300","118"
"020022","元大電動車N","1612000","9125410","5.61","5.68","5.61","5.65","0.0400","225"
"020028","元大特選電動車N","525000","2869290","5.45","5.48","5.44","5.46","0.0400","127"
"020029","元大ESG高股息N","759000","4099010","5.38","5.41","5.38","5.40","0.0300","123"
"020030","統一智慧電動車N","2427000","12716830","5.24","5.25","5.22","5.24","0.0300","211"
"1101","台泥","9351000","445153000","47.30","47.70","47.30","47.70","0.3000","3816"
"1101B","台泥乙特","27000","1406100","52.00","52.10","52.00","52.10","0.0000","11"
"1102","亞泥","10721000","474498050","43.90","44.35","43.85","44.30","0.4000","3223"
"1103","嘉泥","525000","10750750","20.50","20.60","20.40","20.45","0.0000","173"
"1104","環泥","142000","3056750","21.65","21.65","21.45","21.60","0.1000","89"
"1108","幸福","142000","1655700","11.70","11.75","11.65","11.65","0.0000","70"
"1109","信大","262000","5286200","20.25","20.25","20.10","20.20","0.0000","99"
"1110","東泥","230000","4634450","20.40","20.40","20.10","20.10","-0.3000","114"
"1201","味全","433000","9504800","22.05","22.05","21.90","22.00","0.0500","160"
"1203","味王","3000","96800","32.25","32.30","32.25","32.30","-0.2500","2"
"1210","大成","594000","31279500","52.80","52.80","52.60","52.70","0.1000","430"
"1213","大飲","","","","","","","0.0000",""
"1215","卜蜂","191000","15343800","80.40","80.50","80.20","80.40","0.0000","147"
"1216","統一","2416000","164781000","67.90","68.40","67.80","68.30","0.1000","1070"
"1217","愛之味","829000","8592200","10.40","10.45","10.30","10.40","0.0500","324"
"1218","泰山","140000","3780550","27.00","27.05","26.95","27.00","0.0000","101"
"1219","福壽","509000","10071850","19.95","19.95","19.70","19.75","-0.1000","231"
"1220","台榮","72000","1112650","15.45","15.55","15.40","15.50","0.0000","45"
"1225","福懋油","53000","2744600","51.80","51.90","51.60","51.90","0.1000","42"
"1227","佳格","653000","34698400","53.20","53.50","53.00","53.30","0.1000","461"
"1229","聯華","2482000","147676000","58.70","60.20","58.60","59.80","1.1000","1575"
"1231","聯華食","162000","11093400","68.10","69.20","68.00","68.80","0.7000","132"
"1232","大統益","59000","9268000","157.50","157.50","156.50","157.00","0.0000","48"
"1233","天仁","","","","","","","0.0000",""
"1234","黑松","70000","2475950","35.40","35.40","35.35","35.35","-0.0500","41"
"1235","興泰","3000","131650","43.85","43.95","43.85","43.95","0.0500","3"
"1236","宏亞","244000","7085850","30.35","30.35","28.50","28.50","-1.2000","148"
"1256","鮮活果汁-KY","29000","9252500","320.00","320.00","318.00","319.50","-0.5000","28"
"1301","台塑","3889000","404719500","103.50","104.50","103.00","104.50","1.5000","1358"
"1303","南亞","4132000","351521700","85.00","85.40","84.70","85.40","0.6000","1965"
"1304","台聚","2493000","77652900","31.15","31.35","31.05","31.25","0.2000","1281"
"1305","華夏","3176000","110255150","34.95","35.00","34.45","34.60","-0.0500","1640"
"1307","三芳","30000","625750","20.90","20.95","20.80","20.90","0.1000","19"
"1308","亞聚","1955000","71633350","36.95","36.95","36.50","36.60","-0.1000","953"
"1309","台達化","539000","18284000","34.10","34.10","33.80","33.90","0.0000","312"
"1310","台苯","738000","12705750","17.30","17.30","17.15","17.20","0.0000","388"
"1312","國喬","2873000","81325650","28.35","28.40","28.25","28.35","0.1500","1111"
"1312A","國喬特","6000","209900","34.90","35.00","34.90","35.00","-0.0500","3"
"1313","聯成","2111000","44874750","21.45","21.45","21.15","21.35","0.1000","893"
"1314","中石化","10173000","127734000","12.55","12.60","12.50","12.55","0.0500","2215"
"1315","達新","40000","3464500","86.40","87.60","86.40","86.40","-0.4000","25"
"1316","上曜","3089000","62042650","20.20","20.35","19.95","20.00","-0.0500","1075"
"1319","東陽","602000","19630450","32.65","32.75","32.50","32.65","0.0500","300"
"1321","大洋","74000","2579650","34.80","35.00","34.65","35.00","0.3500","50"
"1323","永裕","16000","558250","35.00","35.00","34.80","34.95","0.0000","15"
"1324","地球","41000","481550","11.80","11.85","11.70","11.80","0.0000","28"
"1325","恆大","278000","12491250","44.85","45.20","44.70","44.95","0.0500","205"
"1326","台化","2194000","176008400","79.90","80.60","79.90","80.40","0.6000","1010"
"1337","再生-KY","372000","2701160","7.25","7.29","7.22","7.25","0.0200","154"
"1338","廣華-KY","77000","4192200","54.10","54.70","54.10","54.40","0.3000","60"
"1339","昭輝","81000","2790300","34.60","34.60","34.35","34.50","-0.2500","56"
"1340","勝悅-KY","63000","701350","11.20","11.20","11.10","11.15","-0.0500","41"
"1341","富林-KY","1000","67800","67.80","67.80","67.80","67.80","0.5000","1"
"1342","八貫","93000","5649100","61.00","61.20","60.40","61.00","0.3000","72"
"1402","遠東新","4105000","117777100","28.65","28.80","28.55","28.80","0.2000","1603"
"1409","新纖","2053000","41238100","20.10","20.20","20.05","20.10","0.0500","855"
"1410","南染","216000","8073600","37.25","37.80","37.15","37.15","-0.2500","175"
"1413","宏洲","160000","1687700","10.60","10.65","10.40","10.60","0.0500","70"
"1414","東和","1082000","21482150","19.80","20.05","19.75","19.75","0.0000","428"
"1416","廣豐","129000","1447200","11.25","11.25","11.15","11.15","-0.1000","63"
"1417","嘉裕","203000","2926750","14.60","14.60","14.35","14.40","-0.0500","81"
"1418","東華","","","","","","","0.0000",""
"1419","新紡","105000","4476600","43.00","43.00","42.45","42.70","-0.3000","54"
"1423","利華","13000","258550","19.95","20.00","19.75","19.90","-0.0500","12"
"1432","大魯閣","132000","1686300","12.80","12.85","12.70","12.75","-0.0500","60"
"1434","福懋","20642000","590806100","28.25","28.85","28.25","28.60","0.5500","5084"
"1435","中福","85000","2443050","29.50","29.50","28.20","28.55","-0.8000","35"
"1436","華友聯","37000","1989500","54.00","54.00","53.70","54.00","0.1000","25"
"1437","勤益控","68000","1736050","25.50","25.60","25.50","25.55","0.0500","35"
"1438","三地開發","60000","1814950","30.25","30.30","30.10","30.20","-0.0500","40"
"1439","中和","30000","703700","23.35","23.70","23.30","23.45","0.1500","16"
"1440","南紡","33356000","876344500","26.95","27.15","25.80","25.95","-1.0500","13284"
"1441","大東","35000","325890","9.33","9.35","9.28","9.32","-0.0100","26"
"1442","名軒","615000","13422250","22.20","22.30","21.70","21.70","-0.4000","291"
"1443","立益","56000","948150","16.40","17.20","16.40","17.10","0.3500","33"
"1444","力麗","2940000","32916250","11.10","11.35","11.05","11.15","0.1000","910"
"1445","大宇","306000","4725350","15.45","15.50","15.40","15.45","0.0500","76"
"1446","宏和","108000","3645700","33.90","34.00","33.65","34.00","0.0500","67"
"1447","力鵬","1428000","14635500","10.20","10.30","10.20","10.25","0.1000","460"
"1449","佳和","139000","2107000","14.95","15.40","14.95","15.00","0.0000","62"
"1451","年興","67000","1416900","21.25","21.25","20.95","21.20","0.0500","39"
"1452","宏益","202000","4815850","24.05","24.05","23.70","23.90","0.0000","119"
"1453","大將","127000","1143970","9.02","9.07","8.98","8.98","-0.0500","43"
"1454","台富","1003000","14780100","14.75","14.95","14.45","14.90","-0.0500","427"
"1455","集盛","1877000","31015900","16.70","16.70","16.45","16.50","-0.1000","840"
"1456","怡華","92000","2000100","21.90","22.05","21.55","21.80","-0.1500","59"
"1457","宜進","670000","12460550","18.65","18.75","18.50","18.60","0.0500","279"
"1459","聯發","355000","4576850","13.00","13.10","12.80","12.85","-0.1500","177"
"1460","宏遠","973000","9192000","9.47","9.48","9.43","9.46","0.0400","368"
"1463","強盛","51000","739500","14.55","14.55","14.45","14.55","-0.0500","35"
"1464","得力","393000","6146250","15.60","15.75","15.50","15.75","0.2000","200"
"1465","偉全","31000","387800","12.55","12.55","12.50","12.55","0.0500","17"
"1466","聚隆","180000","2746300","15.40","15.40","15.20","15.30","0.0000","79"
"1467","南緯","130000","1788000","13.85","13.85","13.70","13.80","0.0500","62"
"1468","昶和","74000","939650","12.75","12.85","12.60","12.85","0.0500","44"
"1470","大統新創","2000","35900","17.85","18.05","17.85","18.05","-0.1500","2"
"1471","首利","704000","5991770","8.47","8.61","8.46","8.46","-0.0600","280"
"1472","三洋實業","1000","31100","31.10","31.10","31.10","31.10","0.1000","1"
"1473","台南","35000","628250","18.00","18.00","17.90","17.95","-0.0500","21"
"1474","弘裕","1462000","22462450","15.15","15.50","15.15","15.50","0.3500","511"
"1475","業旺","65000","3252900","50.20","50.40","49.50","50.00","1.0000","25"
"1476","儒鴻","155000","96311000","621.00","624.00","618.00","620.00","0.0000","139"
"1477","聚陽","360000","89229000","246.50","249.00","246.50","248.50","2.0000","222"
"1503","士電","16000","856900","53.60","53.70","53.50","53.50","0.1000","14"
"1504","東元","1161000","35891400","30.90","31.00","30.75","31.00","0.3000","545"
"1506","正道","1158000","17091650","15.00","15.05","14.50","14.90","-0.1500","478"
"1507","永大","147000","9440200","64.30","64.30","64.20","64.30","0.0000","60"
"1512","瑞利","127000","475320","3.73","3.78","3.73","3.77","0.0400","39"
"1513","中興電","6175000","276113250","44.80","45.35","44.25","44.80","1.0000","3070"
"1514","亞力","746000","18882150","25.70","25.70","25.20","25.35","-0.2000","336"
"1515","力山","744000","42364000","57.50","57.50","56.70","57.10","-0.4000","488"
"1516","川飛","187000","4514250","24.40","24.40","24.05","24.20","-0.2000","100"
"1517","利奇","780000","21315350","27.25","27.65","27.20","27.20","0.0500","445"
"1519","華城","224000","8240100","36.85","37.15","36.60","36.70","0.1000","179"
"1521","大億","57000","2286550","40.15","40.15","40.05","40.10","-0.0500","44"
"1522","堤維西","147000","2805250","19.20","19.25","19.00","19.00","0.0000","84"
"1522A","堤維西甲特","364000","16016600","44.05","44.20","44.00","44.20","0.1500","12"
"1524","耿鼎","465000","5016300","10.80","10.90","10.70","10.85","0.0500","188"
"1525","江申","20000","1220600","61.70","61.80","60.70","61.10","-0.1000","19"
"1526","日馳","164000","7969500","48.50","48.85","48.30","48.60","0.2000","108"
"1527","鑽全","128000","5499600","42.85","43.10","42.85","42.85","0.0000","84"
"1528","恩德","495000","5878950","11.85","11.95","11.80","11.95","0.2000","171"
"1529","樂士","2549000","55855850","21.75","22.55","21.35","21.60","0.3000","1334"
"1530","亞崴","11000","363000","33.00","33.05","32.95","33.05","0.1500","10"
"1531","高林股","133000","2111600","15.85","15.95","15.85","15.90","0.0500","54"
"1532","勤美","119000","3863450","32.60","32.60","32.20","32.60","0.1500","71"
"1533","車王電","709000","41868900","58.50","60.10","58.10","58.90","1.2000","542"
"1535","中宇","108000","4340650","40.30","40.35","40.05","40.15","0.0500","74"
"1536","和大","699000","63727400","91.70","91.80","90.80","90.90","-0.1000","455"
"1537","廣隆","110000","15184000","138.00","138.50","138.00","138.00","0.0000","65"
"1538","正峰","14000","151450","10.85","11.15","10.50","10.65","-0.5500","13"
"1539","巨庭","332000","7360350","21.90","22.45","21.80","22.45","0.6000","162"
"1540","喬福","45000","684300","15.20","15.25","15.15","15.20","0.0000","27"
"1541","錩泰","9000","394800","43.45","44.15","43.45","43.50","0.1500","9"
"1558","伸興","39000","5591000","143.50","143.50","143.00","143.50","0.0000","25"
"1560","中砂","8688000","819852900","90.90","96.30","90.90","95.20","4.6000","5356"
"1568","倉佑","85000","1781050","20.90","21.05","20.85","20.95","0.1000","69"
"1582","信錦","162000","11336900","70.30","70.30","69.80","70.00","0.0000","106"
"1583","程泰","","","","","","","0.0000",""
"1587","吉茂","77000","1984750","25.75","25.85","25.70","25.85","0.1000","48"
"1589","永冠-KY","167000","10223500","61.60","61.60","61.00","61.40","0.0000","116"
"1590","亞德客-KY","776000","749296000","965.00","974.00","945.00","974.00","25.0000","627"
"1597","直得","234000","20693500","88.80","89.80","88.00","88.10","0.0000","203"
"1598","岱宇","167000","9150900","55.70","55.70","54.10","54.70","-0.1000","121"
"1603","華電","125000","3362600","26.85","27.05","26.80","26.80","0.1500","80"
"1604","聲寶","236000","6966300","29.50","29.60","29.45","29.60","0.2000","137"
"1605","華新","3915000","102809850","26.25","26.40","26.10","26.35","0.3000","1417"
"1608","華榮","877000","19264600","21.85","22.10","21.85","21.90","0.0500","403"
"1609","大亞","2925000","72994500","24.90","25.15","24.85","24.95","0.1000","1260"
"1611","中電","24803000","549089800","21.90","22.55","21.80","22.10","0.4000","8634"
"1612","宏泰","3442000","94388800","26.70","27.65","26.70","27.65","1.0000","1687"
"1614","三洋電","114000","4042200","35.55","35.55","35.30","35.50","0.0000","46"
"1615","大山","42000","1347700","32.00","32.35","32.00","32.05","0.1000","32"
"1616","億泰","807000","9242100","11.65","11.65","11.40","11.45","0.0500","351"
"1617","榮星","60000","1072400","17.90","18.00","17.80","17.95","0.0000","30"
"1618","合機","199000","2862950","14.40","14.45","14.35","14.35","0.0000","99"
"1626","艾美特-KY","56000","1067400","19.10","19.10","19.00","19.10","0.1000","26"
"1701","中化","346000","7780050","22.50","22.55","22.45","22.55","0.0000","134"
"1702","南僑","214000","10538850","49.40","49.40","49.20","49.30","0.0000","168"
"1707","葡萄王","64000","10283500","161.00","161.00","160.50","161.00","0.0000","59"
"1708","東鹼","1900000","63590100","33.80","33.90","33.30","33.35","-0.3000","1107"
"1709","和益","10760000","243462250","23.40","23.40","22.20","22.30","-0.1500","3976"
"1710","東聯","2759000","60718000","22.20","22.20","21.85","22.15","0.0000","1107"
"1711","永光","8579000","226366200","26.40","26.75","26.20","26.25","-0.3000","4041"
"1712","興農","396000","10737450","27.25","27.25","27.00","27.20","0.0000","251"
"1713","國化","93000","2267150","24.50","24.55","24.25","24.45","0.1000","30"
"1714","和桐","1974000","21466900","10.90","10.95","10.80","10.90","0.0500","392"
"1717","長興","2245000","83147250","36.95","37.20","36.90","37.05","0.2000","1161"
"1718","中纖","3309000","33116250","10.05","10.05","9.99","9.99","-0.0100","820"
"1720","生達","652000","27397500","42.90","42.90","41.70","41.95","-0.7500","420"
"1721","三晃","34054000","990954300","29.05","30.00","28.35","28.65","-0.3500","15166"
"1722","台肥","1940000","134393000","69.50","69.70","68.90","69.10","-0.4000","925"
"1723","中碳","658000","77110500","117.50","118.00","116.50","117.00","0.5000","484"
"1725","元禎","462000","15910200","35.40","35.45","34.15","34.20","-1.0000","350"
"1726","永記","12000","884100","74.10","74.10","73.50","73.60","0.0000","12"
"1727","中華化","7879000","394062500","50.10","51.20","49.10","49.65","-0.6500","4509"
"1730","花仙子","30000","1893000","63.40","63.50","63.00","63.00","-0.4000","29"
"1731","美吾華","738000","14452050","19.50","19.80","19.45","19.60","0.1500","251"
"1732","毛寶","1957000","63736350","32.00","33.25","32.00","32.45","0.3500","1160"
"1733","五鼎","613000","15652950","25.50","25.70","25.25","25.45","0.2500","321"
"1734","杏輝","483000","13908700","28.90","28.95","28.65","28.85","-0.0500","305"
"1735","日勝化","8000","145600","18.20","18.20","18.20","18.20","0.0000","4"
"1736","喬山","145000","8202600","57.30","57.30","56.30","56.60","-0.2000","124"
"1737","臺鹽","89000","2952400","33.20","33.20","33.15","33.15","-0.0500","66"
"1760","寶齡富錦","479000","33970500","71.90","71.90","70.50","70.90","-0.2000","298"
"1762","中化生","175000","11354400","65.10","65.30","64.70","64.80","-0.1000","103"
"1773","勝一","162000","23152500","143.50","144.00","142.50","143.00","0.0000","118"
"1776","展宇","54000","1143550","21.30","21.35","21.00","21.25","-0.0500","36"
"1783","和康生","109000","5669400","52.30","52.30","51.80","52.00","-0.1000","94"
"1786","科妍","8000","396150","49.50","49.55","49.50","49.55","-0.1000","7"
"1789","神隆","365000","8822450","24.20","24.30","24.05","24.15","0.0000","197"
"1795","美時","2428000","238075000","98.00","99.10","97.40","97.70","-0.1000","1327"
"1802","台玻","7791000","207824350","26.50","26.95","26.40","26.55","0.1500","2997"
"1805","寶徠","38000","532050","14.00","14.05","13.85","14.00","0.0000","22"
"1806","冠軍","4009000","50198350","12.60","12.80","12.30","12.40","-0.2000","1523"
"1808","潤隆","951000","54447400","56.90","58.00","56.10","57.00","-1.5000","410"
"1809","中釉","2044000","32632450","15.85","16.25","15.60","16.20","0.5000","763"
"1810","和成","3635000","63895350","17.35","17.85","17.30","17.55","0.1000","1271"
"1817","凱撒衛","23000","849600","37.00","37.00","36.85","36.95","0.0500","15"
"1903","士紙","157000","10228300","64.70","65.70","64.60","65.10","0.5000","71"
"1904","正隆","4844000","169090250","34.55","35.20","34.45","35.05","0.7000","2342"
"1905","華紙","9001000","215644150","23.85","24.20","23.75","23.85","0.3000","3649"
"1906","寶隆","293000","5973750","20.50","20.50","20.25","20.35","0.0000","120"
"1907","永豐餘","2439000","83282350","34.00","34.35","33.85","34.25","0.4000","1184"
"1909","榮成","6489000","156520550","24.00","24.30","23.90","24.20","0.3500","2379"
"2002","中鋼","58169000","2058427550","35.60","35.65","35.10","35.50","-0.1500","13172"
"2002A","中鋼特","62000","3206900","51.80","52.00","51.60","52.00","0.0000","44"
"2006","東和鋼鐵","3452000","234018300","67.60","68.20","67.40","68.20","0.6000","1557"
"2007","燁興","1040000","22450650","21.50","21.75","21.45","21.60","0.0000","501"
"2008","高興昌","100000","2005900","20.30","20.30","19.95","20.15","0.2000","56"
"2009","第一銅","2772000","122528950","43.80","44.60","43.75","44.40","0.9000","1511"
"2010","春源","6113000","154025750","25.50","25.50","25.05","25.20","-0.5000","3215"
"2012","春雨","269000","8427900","31.40","31.75","31.00","31.45","0.2500","164"
"2013","中鋼構","5122000","321653600","63.20","63.80","62.00","62.00","-1.8000","3177"
"2014","中鴻","38536000","1682793550","44.30","44.45","43.05","43.55","-0.3500","15271"
"2015","豐興","218000","18490500","85.60","85.60","84.20","85.00","-0.6000","183"
"2017","官田鋼","713000","14592450","20.70","20.70","20.40","20.45","-0.1500","401"
"2020","美亞","303000","9654950","32.20","32.20","31.80","31.85","-0.1000","159"
"2022","聚亨","3413000","48778800","14.25","14.50","14.15","14.30","0.1000","1231"
"2023","燁輝","9076000","232764650","25.80","25.85","25.30","25.75","0.0500","3427"
"2024","志聯","86000","1722000","20.30","20.35","19.95","19.95","-0.1000","53"
"2025","千興","659000","3871920","6.07","6.07","5.81","5.81","-0.1000","150"
"2027","大成鋼","9584000","454427350","47.85","47.85","47.25","47.35","-0.1000","4184"
"2028","威致","1757000","79331950","45.40","45.70","44.90","44.90","-0.5000","985"
"2029","盛餘","734000","25076300","34.20","34.35","33.95","34.25","0.0500","341"
"2030","彰源","2513000","77983150","31.30","31.35","30.90","30.95","-0.3000","1105"
"2031","新光鋼","4003000","240659400","60.00","60.70","59.20","60.00","0.4000","2274"
"2032","新鋼","377000","9117700","24.55","24.55","24.00","24.10","-0.2500","215"
"2033","佳大","156000","2802700","18.10","18.10","17.85","18.00","0.1000","93"
"2034","允強","714000","23280950","33.00","33.00","32.45","32.60","-0.1000","427"
"2038","海光","1462000","52887100","36.55","36.55","36.00","36.00","-0.2000","725"
"2049","上銀","1375000","404619500","292.00","295.50","292.00","294.50","3.5000","1046"
"2059","川湖","147000","73226000","499.00","501.00","495.00","501.00","3.0000","133"
"2062","橋椿","87000","2350550","27.20","27.20","26.95","27.05","0.0500","60"
"2069","運錩","1095000","38860150","36.00","36.00","35.35","35.50","-0.1500","575"
"2101","南港","962000","37164000","38.75","38.80","38.45","38.75","0.0000","442"
"2102","泰豐","877000","24024350","27.70","27.70","27.15","27.20","-0.3000","477"
"2103","台橡","10179000","423317600","41.70","41.95","41.20","41.55","0.0000","4548"
"2104","國際中橡","4467000","122668700","27.30","27.60","27.25","27.55","0.3500","1765"
"2105","正新","2768000","99480900","35.95","36.20","35.80","35.80","-0.1000","1256"
"2106","建大","561000","17010550","30.30","30.45","30.20","30.45","0.2000","317"
"2107","厚生","228000","5146300","22.55","22.65","22.55","22.55","0.0000","122"
"2108","南帝","3690000","319336600","86.40","87.40","86.10","86.10","-0.7000","1982"
"2109","華豐","134000","2257000","16.80","16.90","16.75","16.90","0.0500","70"
"2114","鑫永銓","8000","965500","120.50","121.00","120.50","121.00","1.0000","7"
"2115","六暉-KY","77000","3086850","40.20","40.40","40.00","40.00","0.0000","54"
"2201","裕隆","1455000","60883450","41.90","42.05","41.60","41.95","0.3500","730"
"2204","中華","745000","46872700","63.30","63.30","62.60","62.90","-0.3000","403"
"2206","三陽工業","262000","6942700","26.45","26.60","26.45","26.55","0.1000","165"
"2207","和泰車","142000","85290000","600.00","606.00","598.00","598.00","-1.0000","124"
"2208","台船","1250000","26837950","21.45","21.60","21.40","21.45","0.0000","629"
"2211","長榮鋼","753000","40953700","55.10","55.10","54.00","54.10","-0.8000","481"
"2227","裕日車","45000","11132500","247.00","249.00","247.00","247.00","-2.0000","45"
"2228","劍麟","27000","1830300","67.60","68.00","67.60","67.90","0.3000","26"
"2231","為升","1526000","284694000","182.00","188.50","182.00","188.50","7.5000","1077"
"2233","宇隆","209000","19910800","94.20","96.30","94.20","95.10","1.1000","164"
"2236","百達-KY","12000","324650","27.70","27.70","26.90","27.10","0.0000","9"
"2239","英利-KY","169000","14028800","82.00","83.60","82.00","83.10","1.6000","146"
"2241","艾姆勒","88000","4418200","50.00","50.50","50.00","50.20","0.2000","72"
"2243","宏旭-KY","143000","2734600","19.35","19.35","19.05","19.10","0.0500","89"
"2247","汎德永業","25000","5250000","209.50","210.50","209.50","209.50","0.0000","22"
"2250","IKKA-KY","250000","29898500","118.50","122.00","118.00","120.00","2.5000","179"
"2301","光寶科","6007000","375118100","61.60","63.20","61.60","62.50","1.0000","2202"
"2302","麗正","479000","8162050","16.85","17.30","16.85","16.95","0.3000","253"
"2303","聯電","70192000","4502478700","64.40","64.50","63.80","63.90","0.2000","24004"
"2305","全友","7373000","70300110","9.22","9.99","9.15","9.98","0.8000","1462"
"2308","台達電","3806000","1023278000","266.00","270.00","266.00","270.00","4.5000","2795"
"2312","金寶","196992000","3237641800","15.95","16.75","15.75","16.75","1.5000","44564"
"2313","華通","15977000","702854050","43.95","44.25","43.65","44.05","0.5000","7068"
"2314","台揚","1881000","139115600","73.50","74.50","73.30","74.30","1.3000","1308"
"2316","楠梓電","1226000","38318700","30.70","31.70","30.60","31.25","0.6000","571"
"2317","鴻海","13750000","1429330000","104.00","104.50","103.50","104.00","0.5000","5279"
"2321","東訊","19000","123860","6.50","6.67","6.50","6.67","0.1700","6"
"2323","中環","12925000","118611780","9.08","9.30","9.05","9.13","0.1300","3204"
"2324","仁寶","17601000","419853450","24.00","24.05","23.80","23.80","-0.2000","4012"
"2327","國巨","4706000","2228718000","473.00","476.50","468.50","476.00","6.5000","3700"
"2328","廣宇","2829000","112080900","40.05","40.05","39.40","39.45","-0.3000","1646"
"2329","華泰","10516000","270406450","25.10","26.20","25.00","26.00","1.0500","4134"
"2330","台積電","16594000","10046971000","607.00","608.00","602.00","606.00","6.0000","7943"
"2331","精英","3025000","68142450","22.50","22.75","22.35","22.50","0.1500","1108"
"2332","友訊","4796000","90439400","18.50","19.10","18.50","19.00","0.6500","1738"
"2337","旺宏","7391000","305645400","41.55","41.65","41.15","41.35","-0.0500","3313"
"2338","光罩","9937000","1008975500","101.50","103.00","100.00","100.00","0.1000","5633"
"2340","光磊","82428000","5465485900","66.60","66.60","64.50","66.60","6.0000","26734"
"2342","茂矽","24569000","1217065050","47.00","51.00","46.60","50.20","3.6000","13600"
"2344","華邦電","20630000","650860750","31.80","31.85","31.30","31.45","0.2000","7097"
"2345","智邦","2110000","550383500","261.00","265.00","255.50","260.00","2.5000","1719"
"2347","聯強","16416000","1100737900","66.30","67.70","65.60","67.70","1.9000","5601"
"2348","海悅","181000","19559500","108.50","109.00","107.50","108.50","0.5000","111"
"2348A","海悅甲特","8000","304000","38.00","38.00","38.00","38.00","0.0500","8"
"2349","錸德","8326000","83559390","9.89","10.25","9.82","9.97","0.0700","2448"
"2351","順德","1687000","269926500","161.00","163.50","158.50","160.00","0.5000","1155"
"2352","佳世達","2846000","85461850","30.15","30.15","29.95","30.05","0.1000","1096"
"2353","宏碁","10275000","307991800","30.20","30.25","29.80","29.95","-0.1000","3739"
"2354","鴻準","1814000","117053300","64.40","64.80","64.20","64.60","0.5000","1026"
"2355","敬鵬","5932000","217518000","36.30","37.00","36.30","36.65","0.5000","2729"
"2356","英業達","6365000","158340000","25.10","25.10","24.80","24.85","-0.0500","1907"
"2357","華碩","1833000","679228500","370.00","371.50","369.50","371.00","1.0000","1165"
"2358","廷鑫","7747000","179568950","22.90","23.60","22.85","23.30","0.0500","3604"
"2359","所羅門","1165000","21153150","18.15","18.35","17.95","18.20","0.5500","501"
"2360","致茂","1952000","394371500","196.00","206.00","194.00","206.00","11.0000","1423"
"2362","藍天","269000","8514400","31.75","31.90","31.50","31.90","0.1500","191"
"2363","矽統","3888000","99245700","25.50","25.70","25.40","25.50","0.2500","1708"
"2364","倫飛","4000","74850","18.55","18.95","18.55","18.70","-0.2500","4"
"2365","昆盈","900000","10338550","11.35","11.65","11.35","11.60","0.2500","294"
"2367","燿華","16783000","335715450","19.80","20.40","19.55","20.20","0.5500","6099"
"2368","金像電","27405000","2122346500","77.80","78.80","76.00","76.10","-0.7000","15980"
"2369","菱生","6810000","179357300","26.25","26.60","26.10","26.35","0.4500","2778"
"2371","大同","23978000","761077400","31.75","32.10","31.45","31.65","-0.1000","8170"
"2373","震旦行","10000","900700","90.20","90.20","90.00","90.10","0.0000","7"
"2374","佳能","64536000","1737962350","26.00","27.70","25.65","27.70","2.5000","25024"
"2375","凱美","3264000","325200900","99.70","101.50","98.70","98.70","-0.4000","2237"
"2376","技嘉","10499000","1639359500","158.00","159.00","155.00","155.00","-2.0000","5375"
"2377","微星","1871000","302424000","163.50","164.00","160.50","161.00","-1.0000","1136"
"2379","瑞昱","1461000","836957000","579.00","584.00","567.00","572.00","-1.0000","1276"
"2380","虹光","5426000","92162100","17.40","17.70","16.55","17.00","-0.4000","2495"
"2382","廣達","4068000","366584000","90.10","90.40","89.70","90.30","0.3000","2360"
"2383","台光電","2327000","652115000","278.50","282.50","276.00","281.00","5.5000","1801"
"2385","群光","2754000","225767900","81.90","82.40","81.50","82.20","0.9000","1264"
"2387","精元","846000","38189500","45.10","45.60","44.85","45.00","0.0000","462"
"2388","威盛","19649000","1749622500","87.80","90.20","87.40","89.40","2.9000","10957"
"2390","云辰","1470000","33342300","22.65","23.00","22.50","22.60","0.1000","707"
"2392","正崴","461000","17928150","38.95","39.00","38.75","39.00","0.2500","280"
"2393","億光","2660000","138758400","51.90","52.50","51.80","52.00","0.4000","1495"
"2395","研華","562000","222425500","386.50","401.50","386.50","394.50","8.0000","468"
"2397","友通","11000","660500","60.50","60.50","59.50","60.40","0.0000","10"
"2399","映泰","84639000","2244068950","26.05","27.20","25.50","27.00","1.6500","33046"
"2401","凌陽","3920000","152873850","39.20","39.40","38.75","38.75","-0.0500","2177"
"2402","毅嘉","575000","9795250","17.00","17.15","16.90","17.05","0.1500","270"
"2404","漢唐","2306000","400692500","172.50","175.00","172.00","174.50","3.0000","1053"
"2405","浩鑫","8327000","159889550","19.45","19.45","19.00","19.25","0.1000","3349"
"2406","國碩","6523000","233541250","36.00","36.35","35.40","35.60","0.2000","3183"
"2408","南亞科","11576000","881793100","77.40","77.50","75.80","75.90","-0.6000","6829"
"2409","友達","63268000","1414389400","22.35","22.65","22.20","22.20","-0.0500","11754"
"2412","中華電","11356000","1310527000","116.00","116.00","114.50","115.50","0.0000","1931"
"2413","環科","621000","14060900","22.60","23.05","22.50","22.70","0.0000","360"
"2414","精技","122000","4606800","37.55","37.90","37.55","37.75","0.2000","49"
"2415","錩新","212000","9221300","43.20","44.00","43.20","43.55","0.4000","170"
"2417","圓剛","7888000","210652550","25.15","27.30","25.10","27.30","2.4500","3688"
"2419","仲琦","1451000","34600650","24.10","24.15","23.70","23.85","0.0500","776"
"2420","新巨","664000","29561100","44.85","44.85","44.30","44.55","-0.2500","505"
"2421","建準","3399000","145070000","42.70","43.35","42.25","42.50","0.2500","2024"
"2423","固緯","247000","6970850","28.45","28.50","28.05","28.25","-0.1000","169"
"2424","隴華","5000","107050","21.30","21.60","21.25","21.25","0.0000","5"
"2425","承啟","3005000","89570900","29.95","30.60","29.10","29.45","-0.5500","1547"
"2426","鼎元","25573000","752367650","29.15","29.90","28.85","29.00","1.0000","12454"
"2427","三商電","602000","7082400","11.75","11.85","11.70","11.75","0.0500","157"
"2428","興勤","219000","33992000","155.50","156.00","154.50","155.00","0.5000","178"
"2429","銘旺科","136000","3027750","22.50","22.55","21.95","22.25","0.3000","78"
"2430","燦坤","166000","6235750","37.65","37.70","37.45","37.50","-0.1500","110"
"2431","聯昌","13405000","191576550","14.00","14.65","13.80","14.15","0.0500","3110"
"2433","互盛電","11000","561900","51.00","51.30","51.00","51.10","0.1000","11"
"2434","統懋","6000","244400","40.50","41.40","40.50","41.40","0.4000","5"
"2436","偉詮電","12147000","1182867100","98.90","99.60","95.90","96.00","-1.6000","8340"
"2438","翔耀","930000","15005550","14.85","16.25","14.85","16.25","1.4500","399"
"2439","美律","986000","93564500","95.10","95.60","94.50","94.90","0.7000","713"
"2440","太空梭","4760000","90581200","18.00","19.30","17.80","19.30","1.7500","2024"
"2441","超豐","2115000","161479900","76.50","76.80","75.80","76.60","0.6000","1058"
"2442","新美齊","1487000","19552450","13.15","13.30","13.05","13.30","0.2500","490"
"2443","億麗","110000","326000","3.01","3.01","2.96","3.01","0.0000","16"
"2444","兆勁","1787000","26471350","15.05","15.15","14.55","14.85","-0.2000","782"
"2449","京元電子","7135000","310912500","43.55","44.10","43.30","43.55","0.3500","3559"
"2450","神腦","87000","2859500","32.80","32.95","32.80","32.85","0.0000","49"
"2451","創見","2300000","169693100","73.60","74.30","73.30","73.90","1.1000","1415"
"2453","凌群","810000","23710150","29.00","29.60","28.80","28.95","0.0000","433"
"2454","聯發科","2687000","2940830000","1090.00","1105.00","1085.00","1095.00","10.0000","1944"
"2455","全新","1888000","269595000","142.00","144.50","141.50","143.00","2.0000","1261"
"2456","奇力新","1918000","179507700","93.00","94.20","92.60","94.00","1.2000","1221"
"2457","飛宏","209376000","10475846200","48.05","52.00","48.05","49.90","2.5500","88876"
"2458","義隆","3281000","556427500","168.00","171.00","167.00","169.00","1.5000","1726"
"2459","敦吉","62000","3677400","59.10","59.60","59.10","59.10","0.0000","38"
"2460","建通","844000","23717100","28.40","28.40","27.85","27.95","-0.2000","431"
"2461","光群雷","1051000","24210400","22.85","23.20","22.75","23.20","0.5000","433"
"2462","良得電","3404000","101349200","28.50","30.65","28.30","30.20","2.0000","1629"
"2464","盟立","604000","25471500","42.00","42.45","41.95","42.40","0.5000","310"
"2465","麗臺","45379000","4255421400","93.00","98.00","90.40","91.20","2.1000","26920"
"2466","冠西電","81000","2926650","35.90","36.50","35.90","36.45","0.5500","46"
"2467","志聖","252000","12667000","49.95","50.70","49.95","50.30","0.5000","161"
"2468","華經","144000","1970950","13.65","13.80","13.60","13.60","0.1000","69"
"2471","資通","761000","20038750","25.70","26.70","25.50","26.50","0.9000","316"
"2472","立隆電","257000","16595800","65.00","65.00","64.30","64.50","-0.1000","206"
"2474","可成","1588000","246663500","156.00","157.00","155.00","155.00","-1.0000","923"
"2476","鉅祥","60650000","4584390400","73.00","78.00","73.00","77.90","6.7000","34428"
"2477","美隆電","286000","8760950","30.70","30.95","30.55","30.55","0.0500","145"
"2478","大毅","170000","11023800","64.80","65.20","64.70","64.70","-0.1000","130"
"2480","敦陽科","138000","10022600","72.90","72.90","72.40","72.90","0.2000","103"
"2481","強茂","15816000","1749422500","109.50","111.50","109.00","111.50","3.5000","9157"
"2482","連宇","1663000","27394200","16.30","16.70","16.25","16.35","0.0500","649"
"2483","百容","588000","14661900","24.60","25.40","24.55","24.55","0.2000","393"
"2484","希華","2980000","119335800","40.25","40.80","39.70","39.70","-0.4000","1835"
"2485","兆赫","1336000","28795000","21.60","21.70","21.40","21.55","0.1500","561"
"2486","一詮","4591000","243332900","52.80","53.80","52.30","52.40","0.3000","2828"
"2488","漢平","54000","1457100","27.25","27.25","26.90","26.95","-0.0500","37"
"2489","瑞軒","8857000","154659550","17.25","17.55","17.15","17.45","0.3000","2261"
"2491","吉祥全","86000","1793850","20.80","20.95","20.75","20.90","0.1500","46"
"2492","華新科","3141000","532116500","170.50","171.00","168.50","169.00","0.0000","2072"
"2493","揚博","154000","5853500","37.95","38.10","37.85","38.00","0.1500","96"
"2495","普安","23938000","494522100","20.75","21.50","20.00","20.00","-0.7000","9763"
"2496","卓越","24000","1186300","49.80","49.90","49.25","49.40","-0.1500","17"
"2497","怡利電","6306000","507071000","79.50","81.50","78.70","81.00","0.9000","3879"
"2498","宏達電","93047000","8035866600","85.40","87.80","84.70","87.10","3.3000","42616"
"2501","國建","203000","3895150","19.20","19.25","19.15","19.25","0.0500","88"
"2504","國產","5612000","162918350","29.40","29.40","28.80","29.00","-0.2000","2270"
"2505","國揚","232000","5499650","23.80","23.85","23.60","23.60","-0.1000","157"
"2506","太設","45000","439310","9.80","9.85","9.71","9.75","0.0200","21"
"2509","全坤建","96000","1750550","18.25","18.30","18.20","18.20","-0.0500","64"
"2511","太子","920000","12211850","13.35","13.35","13.20","13.30","-0.0500","319"
"2514","龍邦","50000","879500","17.70","17.70","17.50","17.60","0.1000","29"
"2515","中工","2085000","18425020","8.86","8.88","8.82","8.85","0.0200","535"
"2516","新建","195000","1207320","6.20","6.20","6.18","6.20","0.0200","76"
"2520","冠德","2232000","83621100","37.65","37.65","37.35","37.45","-0.2000","1435"
"2524","京城","55000","2167550","39.55","39.65","39.25","39.45","-0.0500","50"
"2527","宏璟","148000","4607600","31.40","31.40","31.05","31.25","0.1000","97"
"2528","皇普","37000","802650","21.65","21.85","21.65","21.65","0.0000","18"
"2530","華建","163000","2346250","14.45","14.45","14.35","14.35","-0.0500","65"
"2534","宏盛","2188000","52549100","23.95","24.15","23.85","24.10","0.1500","921"
"2535","達欣工","196000","6302450","32.25","32.30","32.05","32.20","0.0000","118"
"2536","宏普","96000","2204700","23.00","23.10","22.90","23.00","0.0500","46"
"2537","聯上發","1793000","18304100","10.25","10.30","10.15","10.25","0.0500","389"
"2538","基泰","913000","11267300","12.40","12.45","12.30","12.40","0.0500","371"
"2539","櫻花建","173000","5385300","31.10","31.20","31.05","31.15","0.0000","76"
"2540","愛山林","26000","1909900","74.20","74.20","72.60","72.80","0.8000","17"
"2542","興富發","14736000","677509050","46.00","46.25","45.80","46.05","-0.6500","6812"
"2543","皇昌","85000","678110","7.90","8.05","7.82","7.99","0.0900","36"
"2545","皇翔","213000","7895500","37.10","37.25","37.00","37.05","-0.1000","131"
"2546","根基","110000","5405550","49.40","49.40","49.05","49.05","-0.2000","69"
"2547","日勝生","1748000","17666300","10.00","10.20","10.00","10.20","0.2100","478"
"2548","華固","350000","31904100","91.20","91.60","91.00","91.20","0.0000","240"
"2597","潤弘","35000","4242000","121.00","121.50","121.00","121.00","0.0000","32"
"2601","益航","2524000","32962500","13.20","13.20","13.00","13.05","-0.0500","1085"
"2603","長榮","52022000","7293171500","141.50","142.00","139.00","139.00","-1.0000","17928"
"2605","新興","5794000","175800450","30.95","30.95","30.00","30.00","-0.6000","3337"
"2606","裕民","23241000","1483772100","65.00","65.40","63.00","63.00","-1.3000","9998"
"2607","榮運","1727000","49206050","28.80","28.80","28.35","28.35","-0.2000","886"
"2608","嘉里大榮","379000","16818900","44.70","44.70","44.25","44.60","0.2000","238"
"2609","陽明","34413000","4272825000","125.50","126.50","122.50","122.50","-1.5000","12898"
"2610","華航","87764000","2312284250","26.40","26.65","26.10","26.15","0.0500","20157"
"2611","志信","792000","15960900","20.30","20.50","20.05","20.15","-0.1000","407"
"2612","中航","926000","56536400","61.80","62.00","60.30","60.70","-0.5000","557"
"2613","中櫃","218000","5770700","26.50","26.70","26.25","26.50","0.1000","147"
"2614","東森","3495000","114810400","32.85","33.10","32.60","32.80","0.2500","1730"
"2615","萬海","24882000","5061643000","205.00","207.00","200.00","200.00","-4.0000","12532"
"2616","山隆","47000","1715200","36.40","36.60","36.40","36.50","0.1000","41"
"2617","台航","2053000","77655550","38.50","38.50","37.50","37.55","-0.5000","1075"
"2618","長榮航","48753000","1306884150","26.90","27.05","26.55","26.60","0.0000","13254"
"2630","亞航","137000","2550950","18.65","18.75","18.50","18.75","0.1500","80"
"2633","台灣高鐵","1979000","58129900","29.45","29.45","29.30","29.35","0.0000","776"
"2634","漢翔","1349000","39723700","29.40","29.70","29.30","29.35","0.2500","686"
"2636","台驊投控","1314000","180461500","139.50","139.50","136.00","136.50","-1.5000","977"
"2637","慧洋-KY","8222000","686867900","84.10","85.50","82.30","83.10","-0.4000","5053"
"2642","宅配通","255000","18545600","73.20","73.30","72.50","72.70","-0.4000","179"
"2701","萬企","49000","590800","12.00","12.15","12.00","12.15","0.1500","32"
"2702","華園","106000","2688800","25.35","25.55","25.20","25.30","-0.0500","63"
"2704","國賓","153000","4666250","30.60","30.65","30.40","30.55","-0.2000","133"
"2705","六福","118000","2052050","17.35","17.45","17.30","17.45","0.1500","42"
"2706","第一店","128000","1825450","14.15","14.35","14.15","14.30","0.2000","63"
"2707","晶華","130000","19452000","151.00","151.00","149.00","150.50","0.0000","106"
"2712","遠雄來","1000","37750","37.75","37.75","37.75","37.75","0.3500","1"
"2722","夏都","4000","122200","30.65","30.65","30.45","30.45","-0.0500","4"
"2723","美食-KY","738000","84102500","111.00","115.50","111.00","115.00","4.5000","566"
"2727","王品","149000","20032000","135.00","135.00","134.00","134.00","-0.5000","120"
"2731","雄獅","67000","5770400","86.70","86.70","85.80","86.10","0.3000","55"
"2739","寒舍","17000","383600","22.60","22.60","22.55","22.55","-0.0500","13"
"2748","雲品","146000","5695300","39.00","39.15","38.90","38.95","0.0000","118"
"2753","八方雲集","80000","10268000","129.50","129.50","128.00","128.50","0.0000","70"
"2801","彰銀","4995000","83405400","16.70","16.75","16.65","16.70","0.0500","1527"
"2809","京城銀","12656000","509290500","39.95","40.50","39.85","40.35","0.6000","2706"
"2812","台中銀","2314000","27916650","12.05","12.10","12.05","12.05","0.0000","590"
"2816","旺旺保","28000","547650","19.50","19.60","19.50","19.55","0.0500","21"
"2820","華票","1277000","21598650","17.05","17.05","16.80","16.95","0.0000","460"
"2832","台產","53000","1065400","20.10","20.15","20.10","20.10","0.0000","28"
"2834","臺企銀","10562000","102756450","9.73","9.75","9.70","9.75","0.0200","2484"
"2836","高雄銀","486000","5773300","11.80","11.95","11.80","11.90","0.1000","143"
"2836A","高雄銀甲特","5000","121500","24.30","24.30","24.30","24.30","0.0500","2"
"2838","聯邦銀","839000","10955350","13.10","13.10","13.00","13.05","0.0000","186"
"2838A","聯邦銀甲特","66000","3477900","52.70","52.70","52.60","52.70","0.0000","19"
"2841","台開","579000","2366900","4.08","4.10","4.08","4.10","0.0300","108"
"2845","遠東銀","2778000","29690400","10.65","10.70","10.65","10.70","0.0500","911"
"2849","安泰銀","49000","798050","16.30","16.35","16.25","16.30","0.0000","33"
"2850","新產","78000","3638500","46.50","46.75","46.50","46.65","0.1500","34"
"2851","中再保","252000","7120200","28.35","28.35","28.20","28.25","0.0500","132"
"2852","第一保","71000","1030400","14.50","14.55","14.45","14.50","0.0000","37"
"2855","統一證","545000","12519850","22.95","23.05","22.90","23.05","0.1000","189"
"2867","三商壽","2745000","24988540","9.13","9.13","9.09","9.10","-0.0100","567"
"2880","華南金","5202000","108718550","20.85","20.95","20.85","20.95","0.1000","1423"
"2881","富邦金","9152000","683482900","74.50","75.00","74.40","74.80","0.4000","3519"
"2881A","富邦特","27000","1705800","63.20","63.30","63.10","63.30","0.0000","8"
"2881B","富邦金乙特","90000","5640400","62.70","62.90","62.60","62.90","0.0000","16"
"2881C","富邦金丙特","84000","5049700","60.10","60.20","60.10","60.10","0.0000","84"
"2882","國泰金","11283000","681011800","60.30","60.60","60.20","60.50","0.2000","3954"
"2882A","國泰特","81000","5097600","62.90","63.10","62.90","63.10","0.0000","26"
"2882B","國泰金乙特","6000","377500","62.90","63.00","62.90","63.00","0.1000","6"
"2883","開發金","85127000","1418506500","16.65","16.75","16.55","16.70","0.0500","9996"
"2884","玉山金","8343000","232841800","27.80","28.00","27.80","27.90","0.0000","2673"
"2885","元大金","9301000","231778350","24.85","25.00","24.80","24.95","0.1500","2002"
"2886","兆豐金","15076000","535304400","35.60","35.65","35.40","35.50","-0.1500","5303"
"2887","台新金","6628000","123504550","18.65","18.70","18.60","18.65","0.0000","2287"
"2887E","台新戊特","43000","2283300","53.10","53.10","53.10","53.10","0.0000","29"
"2887F","台新戊特二","10000","519000","51.90","51.90","51.90","51.90","0.0000","4"
"2888","新光金","22739000","240047050","10.50","10.60","10.50","10.60","0.1000","3102"
"2888A","新光金甲特","29000","1229250","42.35","42.40","42.35","42.40","0.0000","14"
"2888B","新光金乙特","59000","2513150","42.55","42.60","42.55","42.60","0.0000","16"
"2889","國票金","2995000","47402300","15.80","15.90","15.80","15.85","0.0500","1221"
"2890","永豐金","11737000","187020500","15.95","16.00","15.85","16.00","0.1500","3320"
"2891","中信金","25209000","651123550","25.90","25.90","25.70","25.90","0.1000","5684"
"2891B","中信金乙特","61000","3847900","63.10","63.20","63.00","63.00","-0.2000","16"
"2891C","中信金丙特","12000","734100","61.00","61.30","61.00","61.30","0.0000","12"
"2892","第一金","7097000","171242550","24.10","24.20","24.05","24.15","0.0500","2197"
"2897","王道銀行","707000","5577800","7.88","7.90","7.87","7.89","0.0100","201"
"2897A","王道銀甲特","94000","949400","10.10","10.10","10.10","10.10","0.0000","23"
"2901","欣欣","9000","226800","25.20","25.25","25.15","25.20","0.0000","8"
"2903","遠百","227000","4811950","21.20","21.25","21.15","21.25","0.0500","143"
"2904","匯僑","36000","906200","25.20","25.20","25.15","25.15","0.0000","24"
"2905","三商","174000","3892750","22.30","22.45","22.30","22.40","0.0000","106"
"2906","高林","264000","4063150","15.40","15.45","15.35","15.45","0.1000","110"
"2908","特力","125000","2649100","21.20","21.30","21.10","21.15","0.0500","91"
"2910","統領","43000","1577850","36.20","37.85","36.20","37.85","1.6500","32"
"2911","麗嬰房","88000","713180","8.15","8.15","8.09","8.10","-0.0400","64"
"2912","統一超","1319000","360662500","273.00","275.00","271.00","273.00","1.0000","811"
"2913","農林","700000","13919100","19.85","19.95","19.80","19.90","0.0500","258"
"2915","潤泰全","8979000","847721700","94.30","95.20","94.00","94.40","0.3000","3993"
"2923","鼎固-KY","19000","510500","26.60","27.35","26.50","27.05","0.4500","16"
"2929","淘帝-KY","1252000","15982650","12.10","13.10","12.10","12.80","0.8000","626"
"2936","客思達-KY","15000","404650","26.95","27.10","26.90","27.10","0.1000","12"
"2939","凱羿-KY","2218000","85187900","39.20","39.20","36.50","38.00","2.3500","941"
"2945","三商家購","62000","4472400","72.50","72.50","71.80","72.00","0.4000","58"
"3002","歐格","196000","2460200","12.40","12.60","12.40","12.55","0.0500","92"
"3003","健和興","4075000","384029900","93.10","95.10","92.50","95.10","3.3000","2915"
"3004","豐達科","30000","1735700","57.40","58.20","57.40","57.50","0.4000","26"
"3005","神基","469000","25296900","54.10","54.10","53.80","54.00","0.2000","282"
"3006","晶豪科","9537000","1603330000","167.00","170.00","165.50","169.00","4.0000","5655"
"3008","大立光","1342000","3312685000","2515.00","2535.00","2435.00","2460.00","-15.0000","1278"
"3010","華立","5895000","603009400","101.50","105.00","99.90","104.50","4.7000","3947"
"3011","今皓","607000","6979650","11.40","11.70","11.40","11.65","0.3500","233"
"3013","晟銘電","4585000","71929100","14.95","16.20","14.80","15.35","0.6000","2172"
"3014","聯陽","886000","94282500","106.00","107.00","106.00","106.50","1.0000","659"
"3015","全漢","100000","4485950","45.00","45.00","44.80","44.80","-0.0500","68"
"3016","嘉晶","10727000","1456408500","133.50","138.50","133.00","134.00","3.0000","7219"
"3017","奇鋐","3493000","305392800","87.60","88.30","86.80","87.00","-0.1000","2077"
"3018","同開","3978000","85539550","22.30","22.50","20.30","21.20","0.3000","1784"
"3019","亞光","2991000","281673200","94.90","95.30","93.60","93.80","-0.2000","2006"
"3021","鴻名","807000","20913750","25.80","26.45","25.55","25.60","0.0500","372"
"3022","威強電","349000","15880800","44.95","45.70","44.95","45.65","0.9000","255"
"3023","信邦","968000","258207000","265.00","270.00","263.00","263.50","1.5000","833"
"3024","憶聲","548000","7542400","13.80","13.90","13.65","13.80","0.1000","252"
"3025","星通","429000","10387650","24.35","24.60","24.05","24.05","-0.3000","263"
"3026","禾伸堂","314000","37388500","119.00","119.50","118.50","119.50","0.5000","245"
"3027","盛達","255000","5734450","22.65","22.65","22.40","22.40","0.1000","134"
"3028","增你強","1107000","37066750","33.60","33.80","33.15","33.70","0.3000","604"
"3029","零壹","453000","19625650","43.40","43.55","43.05","43.25","-0.1500","260"
"3030","德律","247000","14065900","57.10","57.20","56.80","56.90","-0.1000","166"
"3031","佰鴻","1121000","28397400","25.15","25.60","25.15","25.20","0.4000","614"
"3032","偉訓","112000","3550300","31.80","31.90","31.50","31.90","0.3000","57"
"3033","威健","15009000","480299900","32.15","32.50","31.55","31.70","-0.3500","6453"
"3034","聯詠","6203000","3328807000","535.00","539.00","531.00","538.00","6.0000","3652"
"3035","智原","53481000","13198010000","248.50","251.50","241.00","243.00","0.0000","31729"
"3036","文曄","1453000","94425600","65.30","65.40","64.70","64.90","0.0000","806"
"3036A","文曄甲特","10000","489800","48.95","49.00","48.95","49.00","0.0000","9"
"3037","欣興","53080000","12546081500","230.00","240.00","229.00","240.00","12.5000","31393"
"3038","全台","489000","9414350","19.30","19.35","19.20","19.25","0.1000","234"
"3040","遠見","10000","380850","37.95","38.20","37.95","38.00","0.1000","10"
"3041","揚智","20857000","801991700","38.55","39.40","37.80","37.80","-0.7000","10106"
"3042","晶技","13924000","1535415500","112.50","113.00","108.00","108.50","-2.5000","8809"
"3043","科風","503000","1952070","3.75","3.92","3.75","3.87","0.1200","91"
"3044","健鼎","1259000","154631500","122.50","123.50","121.50","123.00","1.5000","648"
"3045","台灣大","2061000","205055700","99.10","99.60","99.10","99.50","0.3000","1289"
"3046","建碁","3552000","178477750","48.20","52.00","48.20","51.50","4.0000","2412"
"3047","訊舟","10783000","144309750","13.10","13.55","13.00","13.25","0.1000","2854"
"3048","益登","527000","17016100","32.50","32.55","32.15","32.20","-0.3000","333"
"3049","和鑫","22886000","351746650","15.05","15.50","15.05","15.45","0.4500","6617"
"3050","鈺德","1080000","19831150","18.50","18.60","18.25","18.25","-0.2500","599"
"3052","夆典","214000","2259800","10.50","10.65","10.50","10.60","0.0500","44"
"3054","立萬利","178000","4418800","24.95","25.00","24.40","24.65","0.0000","113"
"3055","蔚華科","39000","1117300","28.50","28.75","28.50","28.75","0.2500","29"
"3056","總太","493000","19841750","40.30","40.40","40.15","40.25","0.1000","239"
"3057","喬鼎","1054000","16293600","15.60","15.70","15.25","15.30","-0.6000","525"
"3058","立德","898000","14855900","16.65","16.70","16.30","16.45","0.0500","375"
"3059","華晶科","50452000","2469275500","47.15","50.00","47.10","50.00","2.8500","25649"
"3060","銘異","2610000","69795750","26.90","27.30","26.40","26.40","-0.1500","1327"
"3062","建漢","21907000","677128850","29.90","31.50","29.85","31.15","1.5000","10485"
"3090","日電貿","480000","25678600","53.40","53.80","53.10","53.80","0.5000","329"
"3092","鴻碩","345000","18315900","53.00","53.70","52.50","52.90","-0.1000","253"
"3094","聯傑","1998000","72168800","36.00","36.65","35.30","36.10","0.5500","1091"
"3130","一零四","17000","2994000","176.00","177.00","176.00","177.00","1.0000","7"
"3138","耀登","593000","134590500","230.00","231.50","224.00","224.00","-4.0000","508"
"3149","正達","543000","17211900","32.30","32.30","31.50","31.60","-0.3000","328"
"3164","景岳","107000","2553250","24.20","24.20","23.60","23.65","-0.5500","71"
"3167","大量","6761000","739389000","103.00","111.50","102.50","111.50","10.0000","2958"
"3189","景碩","8576000","2027657500","234.50","239.00","233.50","237.50","5.5000","5581"
"3209","全科","307000","8911350","29.05","29.20","28.95","29.00","0.0000","157"
"3229","晟鈦","309000","1985600","6.20","6.60","6.15","6.28","0.0700","141"
"3231","緯創","7911000","229391200","29.10","29.15","28.95","28.95","0.0000","1983"
"3257","虹冠電","179000","11918900","67.20","67.20","66.20","66.40","-0.2000","136"
"3266","昇陽","256000","3498900","13.65","13.70","13.60","13.70","0.2000","58"
"3296","勝德","641000","12024200","18.50","19.20","18.30","19.10","0.6500","352"
"3305","昇貿","11726000","973770000","80.50","85.00","79.70","85.00","5.7000","7790"
"3308","聯德","1002000","12329750","12.90","12.90","11.80","12.20","0.4500","492"
"3311","閎暉","77000","2716050","35.20","35.60","35.00","35.25","0.2500","54"
"3312","弘憶股","1150000","27783050","24.10","24.35","23.95","24.05","0.1000","533"
"3321","同泰","406000","5729650","14.25","14.30","14.05","14.10","-0.1000","186"
"3338","泰碩","3505000","193159500","52.70","56.80","52.20","55.50","2.9000","2320"
"3346","麗清","336000","15085300","44.90","45.25","44.65","44.80","0.1500","237"
"3356","奇偶","484000","15588900","32.25","32.50","31.90","32.00","0.1500","303"
"3376","新日興","937000","85814200","91.70","92.40","90.60","92.20","0.9000","803"
"3380","明泰","1767000","57846100","33.00","33.00","32.55","32.80","0.2500","892"
"3383","新世紀","364000","1900080","5.22","5.22","5.22","5.22","0.4700","79"
"3406","玉晶光","1256000","689528000","553.00","557.00","543.00","544.00","0.0000","1087"
"3413","京鼎","2522000","606112000","235.50","245.00","235.00","243.00","9.0000","1794"
"3416","融程電","53000","4150700","77.70","78.70","77.70","78.50","0.1000","33"
"3419","譁裕","4208000","110161100","26.05","26.75","25.80","26.05","0.1500","2017"
"3432","台端","140000","2100550","14.95","15.15","14.85","15.00","0.0500","89"
"3437","榮創","758000","19565350","25.60","26.05","25.60","25.65","0.3500","386"
"3443","創意","845000","514850000","611.00","617.00","602.00","603.00","-3.0000","764"
"3450","聯鈞","241000","13341700","55.50","55.70","55.10","55.50","0.5000","145"
"3454","晶睿","47000","3423600","72.40","73.20","72.40","72.70","0.3000","41"
"3481","群創","68284000","1304263100","19.10","19.20","19.00","19.05","0.0500","13669"
"3494","誠研","35000","172760","4.99","5.00","4.88","4.88","-0.0200","21"
"3501","維熹","122000","5826750","47.95","48.00","47.60","47.85","0.2000","87"
"3504","揚明光","1717000","208097000","123.00","124.00","120.00","120.50","-2.5000","1359"
"3515","華擎","1703000","456492000","270.50","272.00","265.00","267.50","-2.5000","1315"
"3518","柏騰","3125000","77608800","23.05","25.20","23.05","25.20","2.2500","1057"
"3528","安馳","4000","198900","49.75","49.75","49.70","49.75","0.2500","4"
"3530","晶相光","752000","104198500","138.50","140.00","137.00","137.00","0.0000","555"
"3532","台勝科","7473000","2240801500","292.50","307.00","291.00","294.50","8.5000","5804"
"3533","嘉澤","909000","677722000","738.00","756.00","726.00","756.00","26.0000","830"
"3535","晶彩科","209000","3732300","17.80","17.95","17.80","17.90","0.1500","113"
"3536","誠創","24000","140960","5.77","5.95","5.77","5.94","0.0400","14"
"3543","州巧","76000","1992100","26.60","26.60","26.00","26.25","-0.4000","45"
"3545","敦泰","2277000","390042500","172.00","173.00","170.50","170.50","-0.5000","1703"
"3550","聯穎","202000","3658250","18.10","18.20","18.05","18.15","0.0500","115"
"3557","嘉威","49000","3757200","76.50","77.20","76.50","76.90","-0.1000","43"
"3563","牧德","188000","45092000","242.00","242.00","237.50","240.50","0.0000","167"
"3576","聯合再生","3243000","70619550","21.90","21.90","21.70","21.75","0.0500","1125"
"3583","辛耘","1394000","115096000","82.00","83.20","81.90","82.60","1.4000","960"
"3588","通嘉","3307000","497611000","150.00","153.00","147.50","147.50","0.5000","2383"
"3591","艾笛森","1611000","38202550","23.50","24.00","23.45","23.60","0.3500","897"
"3593","力銘","38000","591050","15.60","15.65","15.50","15.60","0.0000","30"
"3596","智易","8566000","1084741500","128.00","130.00","124.00","124.50","-2.5000","5488"
"3605","宏致","4815000","241815850","48.90","50.90","48.90","50.90","2.4500","2804"
"3607","谷崧","7106000","133037650","19.00","19.20","18.10","18.10","-0.7000","3080"
"3617","碩天","18000","1257200","69.80","70.00","69.70","70.00","0.0000","18"
"3622","洋華","160000","4509700","28.45","28.45","28.00","28.20","-0.1500","89"
"3645","達邁","929000","40300900","42.70","43.85","42.60","43.70","1.2500","533"
"3653","健策","865000","355654500","411.00","416.00","406.00","413.00","8.0000","768"
"3661","世芯-KY","1181000","1210725000","1015.00","1045.00","1010.00","1020.00","10.0000","1089"
"3665","貿聯-KY","462000","116457500","252.50","253.50","251.00","252.50","1.5000","300"
"3669","圓展","6480000","374805100","54.50","59.20","54.00","59.20","5.3000","3185"
"3673","TPK-KY","1125000","48389400","43.15","43.55","42.75","42.95","0.1500","720"
"3679","新至陞","90000","8007600","89.00","89.30","88.70","89.20","0.5000","70"
"3682","亞太電","2067000","16965500","8.24","8.25","8.18","8.19","-0.0200","558"
"3686","達能","605000","9660050","16.15","16.20","15.90","15.95","-0.1000","298"
"3694","海華","3477000","99576700","29.50","29.55","28.15","28.30","-0.8000","2031"
"3701","大眾控","3269000","241706900","74.30","75.20","73.00","73.60","0.1000","1955"
"3702","大聯大","5137000","261368800","50.80","51.10","50.70","50.90","0.2000","1505"
"3702A","大聯大甲特","76000","3766050","49.60","49.60","49.55","49.60","0.0000","33"
"3703","欣陸","632000","15942900","25.30","25.30","25.10","25.30","0.0000","304"
"3704","合勤控","4805000","166024850","34.95","34.95","34.35","34.35","-0.1000","2459"
"3705","永信","131000","5605000","42.85","42.90","42.75","42.75","-0.1000","109"
"3706","神達","6941000","235084350","33.90","34.05","33.65","34.00","0.3000","2784"
"3708","上緯投控","736000","69082300","93.60","94.80","93.00","93.00","-0.6000","558"
"3711","日月光投控","10166000","1059266500","104.00","105.50","103.50","103.50","0.5000","4768"
"3712","永崴投控","417000","13567200","32.55","32.75","32.30","32.55","0.0000","236"
"3714","富采","2459000","188263800","76.40","77.00","76.20","76.80","0.9000","1337"
"4104","佳醫","57000","3256700","57.10","57.30","57.00","57.00","-0.1000","49"
"4106","雃博","241000","6890350","28.80","28.90","28.50","28.55","-0.2000","172"
"4108","懷特","192000","4419800","23.10","23.10","22.90","23.05","0.0500","118"
"4119","旭富","1194000","99101300","79.70","85.80","79.70","84.50","4.8000","849"
"4133","亞諾法","319000","13151400","41.60","41.75","41.05","41.20","-0.2500","218"
"4137","麗豐-KY","95000","22781000","240.50","241.50","239.00","240.00","0.0000","75"
"4141","龍燈-KY","3829000","94691400","24.80","25.10","24.50","24.60","0.1000","1315"
"4142","國光生","758000","33689200","44.40","44.85","44.35","44.40","0.0000","461"
"4148","全宇生技-KY","19000","768450","40.45","40.80","40.20","40.20","0.5000","13"
"4155","訊映","85000","1982700","23.40","23.45","23.25","23.25","-0.1500","56"
"4164","承業醫","102000","3848750","37.80","37.80","37.65","37.80","0.1000","48"
"4190","佐登-KY","13000","939200","71.80","72.80","71.80","72.20","-0.2000","12"
"4306","炎洲","844000","12905800","15.35","15.40","15.20","15.25","-0.0500","379"
"4414","如興","2575000","17719760","6.99","6.99","6.81","6.88","-0.0200","664"
"4426","利勤","102000","2189750","21.50","21.60","21.25","21.55","0.2500","72"
"4438","廣越","33000","4383000","132.50","133.50","132.50","132.50","-1.5000","30"
"4439","冠星-KY","6000","804000","133.50","134.50","133.50","134.50","0.0000","6"
"4440","宜新實業","246000","11461150","46.00","47.00","46.00","46.85","1.0500","139"
"4526","東台","92000","1595250","17.40","17.40","17.30","17.35","0.0500","73"
"4532","瑞智","491000","9339000","18.95","19.15","18.95","18.95","0.0500","192"
"4536","拓凱","24000","3331000","139.50","139.50","138.00","139.50","0.0000","23"
"4540","全球傳動","57000","2738000","47.80","48.35","47.80","47.95","0.0500","43"
"4545","銘鈺","26000","747950","28.90","29.15","28.50","29.15","0.2000","14"
"4551","智伸科","64000","11419500","178.50","180.00","177.50","177.50","0.5000","56"
"4552","力達-KY","103000","3286100","32.10","32.10","31.85","31.95","-0.1000","61"
"4555","氣立","23000","1204100","52.10","52.60","52.00","52.60","0.4000","19"
"4557","永新-KY","19000","1427300","75.00","75.50","75.00","75.30","0.3000","13"
"4560","強信-KY","69000","2884600","41.85","42.00","41.60","41.80","0.0000","47"
"4562","穎漢","62000","1045250","16.95","16.95","16.75","16.85","0.1000","35"
"4564","元翎","195000","7791350","40.10","40.15","39.85","39.90","-0.2000","135"
"4566","時碩工業","62000","2809900","45.10","45.80","45.10","45.15","0.0500","48"
"4571","鈞興-KY","78000","7809200","100.00","100.50","99.60","100.50","0.5000","44"
"4572","駐龍","20000","1972200","98.80","98.80","98.30","98.30","-0.3000","20"
"4576","大銀微系統","229000","25609000","110.50","114.00","110.50","111.00","1.5000","191"
"4581","光隆精密-KY","2000","70250","35.15","35.15","35.10","35.10","0.0000","2"
"4720","德淵","270000","4090700","15.20","15.30","15.00","15.10","-0.0500","122"
"4722","國精化","243000","10464000","42.95","43.35","42.70","43.15","0.5000","152"
"4737","華廣","134000","10248000","76.50","77.30","75.30","76.10","-0.1000","98"
"4739","康普","21420000","3252823000","151.50","156.50","147.50","147.50","2.5000","13507"
"4746","台耀","466000","27304700","59.10","59.10","58.30","58.50","-0.2000","321"
"4755","三福化","6195000","782636000","126.00","129.50","123.50","129.00","1.0000","4238"
"4763","材料-KY","111000","11288500","100.00","103.00","100.00","102.50","2.6000","77"
"4764","雙鍵","33000","1955800","60.30","60.30","59.00","59.50","-0.5000","22"
"4766","南寶","35000","4900000","140.00","140.50","139.00","139.00","-0.5000","26"
"4770","上品","1528000","385848000","251.00","259.00","248.00","254.50","2.5000","1126"
"4807","日成-KY","85000","2342850","27.30","27.80","27.30","27.55","0.2000","40"
"4904","遠傳","3177000","202806200","63.90","64.00","63.60","63.90","0.1000","1212"
"4906","正文","3432000","102550050","30.00","30.25","29.70","29.75","0.1000","1762"
"4912","聯德控股-KY","168000","26801000","158.50","161.50","157.50","159.00","1.5000","121"
"4915","致伸","44200000","2624813000","59.70","60.90","58.00","58.40","0.4000","23855"
"4916","事欣科","1187000","38507750","32.20","32.80","32.15","32.30","0.4000","725"
"4919","新唐","25419000","3754827500","149.00","151.00","143.50","145.00","-0.5000","16289"
"4927","泰鼎-KY","18796000","2367719500","121.00","129.00","119.50","129.00","11.5000","8878"
"4930","燦星網","136000","3441200","25.20","25.45","25.20","25.30","0.1500","82"
"4934","太極","3511000","121769200","34.10","35.10","33.85","34.80","1.0500","1852"
"4935","茂林-KY","261000","20986400","80.00","80.80","79.90","80.60","1.1000","164"
"4938","和碩","4003000","274575400","68.50","68.70","68.20","68.70","0.2000","1818"
"4942","嘉彰","249000","11753450","47.10","47.45","47.05","47.35","0.3000","170"
"4943","康控-KY","479000","15895550","33.20","33.55","32.70","33.15","0.1500","315"
"4952","凌通","426000","29024500","68.00","68.40","67.90","67.90","0.4000","298"
"4956","光鋐","2295000","61406550","26.30","27.30","26.25","26.45","0.4500","1295"
"4958","臻鼎-KY","2652000","264996300","99.30","101.00","98.90","100.50","1.9000","1617"
"4960","誠美材","4034000","51981850","13.00","13.00","12.80","12.85","0.0000","1084"
"4961","天鈺","5130000","1457033500","283.50","287.00","281.50","282.00","1.0000","3776"
"4967","十銓","2038000","98049700","47.70","49.00","47.70","47.95","0.2500","1157"
"4968","立積","1398000","390056500","286.50","286.50","276.50","276.50","-6.0000","1225"
"4976","佳凌","1272000","89591900","71.40","71.40","69.60","69.70","-0.8000","840"
"4977","眾達-KY","55000","4699400","85.80","85.90","85.10","85.20","0.2000","49"
"4989","榮科","3317000","154156850","45.25","48.00","45.25","46.85","2.8500","2139"
"4994","傳奇","971000","60517800","65.00","65.00","61.10","61.40","-2.5000","713"
"4999","鑫禾","98000","3987950","40.80","40.95","40.55","40.60","-0.2000","85"
"5007","三星","23000","1314800","56.80","57.50","56.70","57.00","0.5000","18"
"5203","訊連","36000","3233000","90.20","90.20","89.50","89.70","-0.9000","33"
"5215","科嘉-KY","607000","48546500","77.40","81.80","77.40","81.00","3.9000","496"
"5222","全訊","900000","190397000","207.50","214.00","207.00","212.00","6.5000","715"
"5225","東科-KY","64000","1345150","21.20","21.35","20.90","21.25","0.0500","48"
"5234","達興材料","695000","89484500","131.50","131.50","127.00","128.50","-1.0000","489"
"5243","乙盛-KY","658000","43149800","66.20","66.20","65.20","65.40","0.3000","481"
"5258","虹堡","5824000","235947650","40.20","41.30","39.65","40.15","0.3500","3039"
"5269","祥碩","218000","393420000","1820.00","1830.00","1790.00","1790.00","-5.0000","209"
"5283","禾聯碩","46000","5421500","117.50","118.00","117.50","118.00","0.5000","36"
"5284","jpp-KY","32000","1431400","44.80","45.15","44.20","44.70","0.0000","19"
"5285","界霖","1269000","132918500","104.50","106.50","103.50","104.50","1.0000","908"
"5288","豐祥-KY","56000","8261000","147.50","148.50","146.00","148.50","1.0000","32"
"5388","中磊","2827000","197107800","67.60","70.40","67.60","69.70","2.3000","1723"
"5434","崇越","1326000","202934500","151.50","155.00","151.50","151.50","1.0000","857"
"5469","瀚宇博","1029000","45827000","44.45","44.70","44.40","44.60","0.4000","530"
"5471","松翰","953000","87735000","92.00","92.70","91.50","91.60","0.3000","690"
"5484","慧友","6000","96750","16.15","16.15","16.10","16.10","-0.2500","5"
"5515","建國","254000","3523700","13.90","13.95","13.80","13.90","0.0500","77"
"5519","隆大","352000","7454300","21.05","21.20","21.05","21.20","0.1000","138"
"5521","工信","489000","4102560","8.42","8.42","8.38","8.39","0.0100","215"
"5522","遠雄","1464000","90110600","62.20","62.20","61.40","61.40","-0.5000","658"
"5525","順天","40000","1124850","28.00","28.20","28.00","28.20","0.2000","31"
"5531","鄉林","424000","4664500","11.05","11.05","10.95","11.00","0.0000","170"
"5533","皇鼎","68000","1293000","18.95","19.10","18.95","19.10","0.1000","34"
"5534","長虹","131000","9431500","72.10","72.30","71.80","72.10","-0.2000","101"
"5538","東明-KY","162000","8507600","53.20","53.20","52.20","52.30","-0.7000","93"
"5546","永固-KY","137000","7940300","57.30","58.50","57.30","58.50","0.6000","21"
"5607","遠雄港","1630000","109750100","68.40","68.80","66.40","67.00","-1.1000","985"
"5608","四維航","6087000","288117350","48.05","48.20","46.85","46.85","-0.7500","3621"
"5706","鳳凰","105000","4493650","42.70","43.20","42.60","43.05","0.4000","78"
"5871","中租-KY","919000","231137000","250.00","252.50","250.00","252.50","1.5000","652"
"5871A","中租-KY甲特","21000","2122000","101.00","101.50","101.00","101.50","0.0000","19"
"5876","上海商銀","2547000","120545900","47.30","47.60","47.00","47.40","0.4000","1016"
"5880","合庫金","6519000","162980050","25.00","25.10","24.90","25.00","0.0500","1996"
"5906","台南-KY","13000","509200","38.30","40.50","38.30","40.50","2.0500","12"
"5907","大洋-KY","40000","719600","18.20","18.20","17.90","18.00","0.0500","30"
"6005","群益證","1832000","30252550","16.45","16.55","16.40","16.55","0.1500","498"
"6024","群益期","165000","6431500","38.90","39.00","38.90","39.00","0.1000","104"
"6108","競國","2964000","65548550","21.15","22.85","21.15","22.60","1.5000","1278"
"6112","聚碩","117000","4542850","39.00","39.00","38.60","38.85","0.1000","38"
"6115","鎰勝","37000","1578500","42.70","42.75","42.55","42.75","0.0500","29"
"6116","彩晶","19175000","329291150","17.40","17.40","17.00","17.15","-0.1000","5612"
"6117","迎廣","50000","860450","17.40","17.40","16.85","17.05","0.0000","26"
"6120","達運","6269000","89930600","14.30","14.55","14.15","14.35","0.0500","2371"
"6128","上福","29000","837050","28.90","28.90","28.80","28.80","-0.1000","25"
"6133","金橋","11396000","126194550","10.45","11.35","10.30","11.10","0.6500","1863"
"6136","富爾特","238000","4482750","18.85","18.95","18.75","18.85","0.1500","153"
"6139","亞翔","154000","4374200","28.35","28.45","28.35","28.45","0.1000","107"
"6142","友勁","738000","8470700","11.60","11.60","11.40","11.40","0.0000","204"
"6152","百一","1509000","17422900","11.50","11.75","11.35","11.55","0.2500","511"
"6153","嘉聯益","1459000","37178100","25.30","25.70","25.30","25.45","0.1500","694"
"6155","鈞寶","104000","2533450","24.30","24.50","24.25","24.35","0.0500","57"
"6164","華興","3902000","63899700","16.05","16.65","16.05","16.50","0.7000","1562"
"6165","浪凡","345000","13055450","37.60","38.25","37.60","37.70","0.1500","213"
"6166","凌華","100000","6263400","62.90","63.10","62.10","62.70","0.5000","58"
"6168","宏齊","4352000","120518000","27.25","28.00","27.15","27.45","0.5000","2291"
"6176","瑞儀","2641000","263991600","100.00","101.00","99.60","99.90","0.4000","1695"
"6177","達麗","157000","4721850","30.10","30.25","30.00","30.05","0.0000","86"
"6183","關貿","45000","2294900","50.80","51.10","50.80","51.00","0.2000","31"
"6184","大豐電","26000","1142500","43.95","44.10","43.90","43.90","-0.2000","13"
"6189","豐藝","142000","5812200","41.00","41.00","40.85","40.95","0.0500","113"
"6191","精成科","1652000","62114350","37.50","37.75","37.50","37.55","0.2500","948"
"6192","巨路","46000","3311200","72.20","72.20","71.90","72.10","-0.1000","27"
"6196","帆宣","6508000","1062441000","161.50","166.00","159.50","166.00","6.0000","4349"
"6197","佳必琪","413000","16222800","39.10","39.60","39.00","39.15","0.4000","269"
"6201","亞弘電","28000","1228850","43.50","44.00","43.50","44.00","0.5000","17"
"6202","盛群","1506000","162667500","107.50","109.00","107.00","108.00","1.5000","1029"
"6205","詮欣","11501000","858053700","76.20","77.00","73.20","74.60","-0.2000","6544"
"6206","飛捷","441000","35018800","79.50","80.60","78.70","79.20","-0.3000","339"
"6209","今國光","1748000","63537050","36.65","36.90","35.95","36.15","-0.0500","1060"
"6213","聯茂","13083000","1817836500","138.00","142.50","136.00","138.00","6.0000","7699"
"6214","精誠","190000","15984300","84.50","84.50","84.00","84.20","-0.2000","137"
"6215","和椿","230000","6759000","29.60","29.60","29.20","29.40","0.1000","103"
"6216","居易","233000","6443550","27.80","27.80","27.50","27.50","-0.3500","142"
"6224","聚鼎","1240000","158723500","124.50","129.50","124.50","129.00","5.0000","971"
"6225","天瀚","17000","118800","6.98","7.00","6.96","6.99","0.2700","11"
"6226","光鼎","6452000","105013800","16.05","16.45","16.05","16.05","0.1500","2115"
"6230","尼得科超眾","13000","2146500","165.50","166.00","164.00","166.00","0.5000","10"
"6235","華孚","25336000","896932650","37.70","37.70","34.50","34.50","-1.6000","11746"
"6239","力成","2080000","203650400","97.80","98.20","97.60","97.90","0.4000","1245"
"6243","迅杰","1626000","97173600","59.60","60.70","58.90","58.90","0.1000","1071"
"6251","定穎","2425000","54826800","22.75","22.85","22.50","22.55","-0.1000","1151"
"6257","矽格","1576000","92394800","58.50","58.90","58.30","58.80","0.6000","1012"
"6269","台郡","1109000","115603500","105.00","105.00","104.00","104.50","0.5000","664"
"6271","同欣電","3624000","1061943500","287.00","296.00","287.00","294.00","9.0000","2548"
"6277","宏正","52000","4230100","82.00","82.00","81.20","81.30","0.1000","48"
"6278","台表科","3793000","453587000","119.00","121.00","117.50","120.50","3.0000","2251"
"6281","全國電","38000","3121000","82.10","82.40","82.00","82.10","0.0000","35"
"6282","康舒","36711000","1338295300","36.50","37.25","35.80","36.35","1.1500","17418"
"6283","淳安","1015000","48004050","47.55","48.15","46.20","46.35","-0.7500","679"
"6285","啟碁","1379000","103507800","75.30","75.50","74.60","75.30","0.2000","871"
"6288","聯嘉","843000","22972500","27.35","27.50","27.00","27.40","0.1500","470"
"6289","華上","31000","77960","2.47","2.52","2.47","2.52","0.0500","11"
"6405","悅城","43000","1206050","28.20","28.35","27.80","28.05","-0.1500","35"
"6409","旭隼","97000","151785000","1560.00","1580.00","1545.00","1560.00","10.0000","94"
"6412","群電","384000","29921900","77.30","78.50","77.20","78.50","1.4000","298"
"6414","樺漢","1128000","252022000","225.50","226.50","220.50","225.00","1.0000","897"
"6415","矽力-KY","181000","873380000","4915.00","4925.00","4750.00","4800.00","-65.0000","180"
"6416","瑞祺電通","105000","10514400","101.00","101.00","99.80","100.50","0.8000","80"
"6426","統新","42000","3078700","73.50","74.60","73.00","73.30","0.1000","34"
"6431","光麗-KY","53000","1533850","29.10","29.10","28.80","28.80","-0.4000","34"
"6438","迅得","1025000","111246000","109.50","110.00","107.50","108.50","-1.0000","636"
"6442","光聖","16000","566100","35.50","35.65","35.10","35.30","-0.2000","13"
"6443","元晶","19821000","833212950","42.30","42.70","41.60","41.60","-0.3000","9956"
"6449","鈺邦","73000","4130500","56.40","57.00","56.30","56.90","0.3000","38"
"6451","訊芯-KY","129000","11883100","92.50","92.50","91.80","92.00","-0.1000","98"
"6456","GIS-KY","1073000","110151500","102.50","103.00","102.00","102.50","0.0000","714"
"6464","台數科","72000","6684400","93.00","93.20","92.50","93.10","-0.2000","44"
"6477","安集","11300000","572031650","51.20","51.90","49.70","50.20","0.9000","6366"
"6491","晶碩","1243000","497573000","414.50","414.50","394.00","396.50","-18.0000","1152"
"6504","南六","48000","5425500","113.50","113.50","112.50","113.50","0.0000","44"
"6505","台塑化","1047000","100463200","95.30","96.20","95.30","96.20","1.2000","608"
"6515","穎崴","318000","124112500","392.00","396.50","387.00","387.00","-2.0000","258"
"6525","捷敏-KY","216000","19640200","91.00","91.50","90.50","90.70","0.4000","178"
"6531","愛普*","5052000","2534031000","495.00","510.00","494.00","499.00","12.0000","4119"
"6533","晶心科","1209000","647218000","532.00","545.00","527.00","533.00","10.0000","1022"
"6541","泰福-KY","1262000","82492800","66.10","66.60","64.60","64.80","-1.7000","839"
"6552","易華電","142000","7577800","53.30","53.80","53.10","53.20","0.0000","100"
"6558","興能高","106000","3398250","32.00","32.30","31.95","32.15","0.0500","69"
"6573","虹揚-KY","250000","5682050","22.80","23.30","22.40","22.50","0.2500","163"
"6579","研揚","12000","800000","66.80","67.00","66.50","66.90","0.1000","9"
"6581","鋼聯","84000","6753000","80.50","80.50","80.30","80.50","0.2000","43"
"6582","申豐","105000","17220000","164.00","165.00","162.50","164.50","0.5000","90"
"6591","動力-KY","2298000","139344300","60.10","61.80","58.10","60.10","0.4000","1476"
"6592","和潤企業","228000","20707100","90.70","91.00","90.60","90.80","0.1000","179"
"6598","ABC-KY","457000","20237600","44.80","45.25","43.90","44.10","-0.6500","327"
"6605","帝寶","138000","8417500","60.60","61.40","60.60","61.10","0.5000","95"
"6625","必應","44000","1469350","33.80","33.80","33.00","33.25","-0.2500","42"
"6641","基士德-KY","6000","361100","60.00","60.50","60.00","60.50","0.2000","6"
"6655","科定","35000","2764600","78.80","80.00","78.80","78.90","0.1000","17"
"6666","羅麗芬-KY","4000","275400","68.80","69.00","68.80","69.00","0.5000","3"
"6668","中揚光","424000","24724600","59.60","59.60","57.80","57.80","-1.1000","294"
"6669","緯穎","494000","550680000","1120.00","1125.00","1095.00","1115.00","5.0000","457"
"6670","復盛應用","76000","14702500","195.00","195.00","192.00","193.50","-0.5000","64"
"6671","三能-KY","2000","96600","48.20","48.40","48.20","48.40","0.2000","2"
"6672","騰輝電子-KY","2175000","295628500","135.50","137.50","134.50","134.50","-1.0000","1557"
"6674","鋐寶科技","8000","249300","31.00","31.30","30.80","30.80","-0.1500","7"
"6698","旭暉應材","2350000","122902900","53.40","54.50","50.80","51.00","-2.4000","1613"
"6706","惠特","1228000","267462500","218.00","221.00","215.50","215.50","-0.5000","1007"
"6715","嘉基","20000","2415000","121.50","121.50","120.00","120.50","-1.0000","15"
"6743","安普新","164000","11781900","72.10","72.20","71.40","72.00","-0.1000","117"
"6754","匯僑設計","66000","2701950","41.50","41.50","40.05","40.75","0.0000","52"
"6756","威鋒電子","1026000","536716000","526.00","530.00","518.00","520.00","4.0000","931"
"6768","志強-KY","28000","1865700","66.50","66.70","66.50","66.70","-0.2000","25"
"6770","力積電","9328000","659097000","71.40","71.50","70.20","70.30","-0.5000","5261"
"6776","展碁國際","40000","1678350","42.00","42.05","41.90","41.95","0.2500","30"
"6781","AES-KY","820000","1403850000","1630.00","1760.00","1620.00","1760.00","160.0000","729"
"6790","永豐實","181000","8819000","48.75","48.80","48.65","48.75","0.0000","117"
"6792","詠業","855000","181774000","217.00","217.00","210.00","210.00","-6.5000","719"
"6806","森崴能源","879000","95881000","111.00","112.00","108.00","108.00","-3.0000","645"
"8011","台通","963000","18657850","19.20","19.55","19.15","19.40","0.2500","499"
"8016","矽創","1992000","641975000","325.50","326.00","319.50","320.50","-1.0000","1577"
"8021","尖點","1149000","47431200","40.85","41.50","40.85","41.30","0.6500","723"
"8028","昇陽半導體","368000","18161200","49.70","49.70","49.10","49.20","0.1000","269"
"8033","雷虎","1614000","27754900","17.10","17.45","16.80","17.30","0.2500","719"
"8039","台虹","289000","13445500","46.35","46.70","46.35","46.60","0.2500","202"
"8046","南電","4887000","2829854000","576.00","588.00","572.00","573.00","2.0000","3662"
"8070","長華*","4981000","170984900","33.90","34.70","33.60","34.45","0.7500","2262"
"8072","陞泰","57000","1415950","24.75","24.95","24.70","24.95","0.3500","43"
"8081","致新","1096000","286890500","268.00","268.00","259.00","260.00","-3.5000","921"
"8101","華冠","246000","732350","3.00","3.00","2.90","2.91","-0.0900","66"
"8103","瀚荃","934000","45326750","48.20","48.80","48.20","48.70","0.7500","676"
"8104","錸寶","17042000","1249598200","70.00","76.10","69.40","76.10","6.1000","10163"
"8105","凌巨","1735000","23172850","13.30","13.50","13.25","13.25","0.1000","606"
"8110","華東","3618000","67447400","18.70","18.80","18.50","18.55","0.0500","1308"
"8112","至上","6506000","307765050","47.90","47.95","47.00","47.15","-0.7500","3383"
"8114","振樺電","533000","64670500","122.00","123.00","119.50","120.50","1.0000","443"
"8131","福懋科","122000","4724600","38.70","38.75","38.70","38.75","0.1000","56"
"8150","南茂","6967000","333890900","48.20","48.25","47.65","48.10","0.0000","3566"
"8163","達方","1413000","68646400","48.85","48.95","48.45","48.60","0.1000","878"
"8201","無敵","9561000","173352100","17.60","18.60","17.40","18.20","0.6500","2926"
"8210","勤誠","265000","19823400","73.90","75.30","73.90","75.30","1.8000","227"
"8213","志超","902000","43318750","48.15","48.20","47.85","48.05","0.2000","494"
"8215","明基材","9024000","352354550","39.10","39.70","38.50","38.55","0.2500","4669"
"8222","寶一","649000","9922300","15.20","15.50","14.90","15.20","0.2500","431"
"8249","菱光","68000","1686550","25.10","25.10","24.70","24.80","0.3000","54"
"8261","富鼎","2421000","269453000","112.00","112.50","110.50","110.50","-0.5000","1551"
"8271","宇瞻","1796000","86151250","48.30","48.30","47.55","47.80","0.0000","1069"
"8341","日友","26000","5213000","200.50","200.50","200.50","200.50","0.0000","23"
"8367","建新國際","130000","7016900","54.70","54.70","53.60","53.80","-0.3000","111"
"8374","羅昇","18000","539450","29.95","30.30","29.90","29.90","-0.1000","12"
"8404","百和興業-KY","201000","6919400","34.10","34.60","34.10","34.50","0.5000","129"
"8411","福貞-KY","74000","1195800","16.10","16.20","16.05","16.20","0.0500","49"
"8422","可寧衛","218000","50795000","235.00","235.00","232.00","232.50","-2.5000","199"
"8427","基勝-KY","36000","2617300","72.80","72.80","72.50","72.60","-0.2000","13"
"8429","金麗-KY","2025000","26674950","12.95","13.45","12.90","13.00","0.1500","649"
"8442","威宏-KY","7000","311300","44.70","44.70","44.30","44.30","0.4500","7"
"8443","阿瘦","93000","1110650","12.00","12.00","11.90","11.95","0.0000","79"
"8454","富邦媒","139000","228910000","1650.00","1655.00","1635.00","1650.00","5.0000","131"
"8462","柏文","47000","6372500","137.00","139.00","134.50","135.50","-1.5000","44"
"8463","潤泰材","55000","1691900","31.00","31.10","30.65","30.65","-0.5000","38"
"8464","億豐","276000","112979000","406.00","414.00","401.50","409.00","8.5000","228"
"8466","美吉吉-KY","19000","996700","53.60","53.60","52.20","52.70","-0.1000","19"
"8467","波力-KY","9000","348900","39.00","39.00","38.65","38.95","-0.0500","7"
"8473","山林水","78000","2577500","33.10","33.20","33.00","33.05","-0.0500","68"
"8478","東哥遊艇","2590000","417234000","161.00","167.00","156.00","166.50","6.0000","2014"
"8480","泰昇-KY","3000","312500","104.50","104.50","104.00","104.00","0.0000","3"
"8481","政伸","1000","72500","72.50","72.50","72.50","72.50","-0.2000","1"
"8482","商億-KY","8000","615100","77.60","77.60","76.50","76.50","-1.0000","8"
"8488","吉源-KY","6000","96800","16.00","16.35","16.00","16.35","0.3500","6"
"8499","鼎炫-KY","55000","6881000","126.50","126.50","122.50","124.50","-1.5000","49"
"8926","台汽電","264000","9924600","37.70","37.75","37.55","37.60","-0.1000","188"
"8940","新天地","12000","155300","13.00","13.00","12.90","13.00","0.0000","10"
"8996","高力","420000","25001200","59.90","60.30","58.80","60.00","0.8000","316"
"9103","美德醫療-DR","374000","5180900","13.65","14.05","13.65","14.05","0.4000","158"
"910322","康師傅-DR","15000","417700","27.80","27.90","27.80","27.90","0.0500","8"
"9105","泰金寶-DR","19254000","91420310","4.65","4.82","4.65","4.74","0.1600","3296"
"910861","神州-DR","383000","2794750","7.39","7.39","7.24","7.24","-0.0100","43"
"9110","越南控-DR","70000","201780","2.92","2.92","2.86","2.92","0.0000","32"
"911608","明輝-DR","91000","321210","3.57","3.61","3.49","3.56","-0.0100","36"
"911622","泰聚亨-DR","198000","1190250","6.05","6.10","5.98","6.00","0.0000","66"
"911868","同方友友-DR","164000","209810","1.27","1.30","1.27","1.28","0.0100","56"
"912000","晨訊科-DR","805000","2412170","2.99","3.01","2.97","3.00","0.0100","150"
"9136","巨騰-DR","987000","5678050","5.77","5.78","5.74","5.74","-0.0300","172"
"9188","精熙-DR","60000","177580","2.96","2.96","2.95","2.96","0.0100","13"
"9802","鈺齊-KY","196000","18290100","94.80","94.80","92.60","93.30","-0.9000","162"
"9902","台火","193000","2567950","13.35","13.35","13.25","13.30","-0.0500","43"
"9904","寶成","1963000","64166950","32.70","32.80","32.60","32.70","0.1000","1090"
"9905","大華","67000","1747850","26.10","26.10","26.05","26.10","0.0000","46"
"9906","欣巴巴","255000","16624700","66.20","67.20","63.70","64.10","-2.1000","144"
"9907","統一實","1117000","15552950","14.05","14.05","13.85","13.95","0.0000","382"
"9908","大台北","36000","1191700","33.10","33.15","33.00","33.10","0.0000","24"
"9910","豐泰","511000","114625500","221.00","226.00","220.50","225.00","2.5000","376"
"9911","櫻花","64000","4327800","67.90","67.90","67.50","67.70","0.0000","56"
"9912","偉聯","55000","533240","9.77","9.77","9.61","9.73","0.0600","28"
"9914","美利達","252000","81068000","321.00","322.50","318.00","322.50","2.5000","205"
"9917","中保科","53000","5477000","103.00","103.50","102.50","103.50","0.5000","42"
"9918","欣天然","20000","850300","42.65","42.70","42.15","42.70","0.0500","17"
"9919","康那香","839000","21685900","25.80","26.10","25.65","25.75","-0.0500","464"
"9921","巨大","705000","241524000","338.00","344.00","338.00","343.50","6.5000","471"
"9924","福興","45000","1848400","41.15","41.15","41.00","41.05","0.0500","34"
"9925","新保","62000","2430200","39.20","39.30","39.15","39.20","0.0000","49"
"9926","新海","8000","389500","48.60","48.90","48.60","48.85","0.3500","8"
"9927","泰銘","106000","4059450","38.25","38.40","38.20","38.25","0.1000","61"
"9928","中視","5000","31200","6.16","6.35","6.16","6.35","0.0000","3"
"9929","秋雨","2000","18900","9.45","9.45","9.45","9.45","0.1000","1"
"9930","中聯資源","80000","3607450","45.00","45.20","45.00","45.10","0.2000","60"
"9931","欣高","1000","39600","39.60","39.60","39.60","39.60","-0.4000","1"
"9933","中鼎","1239000","45863550","37.15","37.15","36.90","37.05","0.0500","784"
"9934","成霖","87000","1282100","14.80","14.80","14.70","14.75","0.0500","64"
"9935","慶豐富","124000","2455750","19.75","20.00","19.65","20.00","0.2000","82"
"9937","全國","55000","2689400","48.70","49.05","48.70","49.00","0.0000","30"
"9938","百和","522000","42407800","82.00","82.00","80.90","81.20","-0.3000","318"
"9939","宏全","218000","15129100","69.30","69.70","69.20","69.40","0.1000","176"
"9940","信義","1153000","41957900","36.10","36.75","36.00","36.60","0.8500","760"
"9941","裕融","159000","27247500","171.00","172.00","170.50","171.50","0.5000","130"
"9941A","裕融甲特","28000","1431100","51.10","51.30","51.10","51.30","0.0000","8"
"9942","茂順","170000","15637700","91.80","93.00","90.70","91.80","0.7000","125"
"9943","好樂迪","45000","2713900","60.20","60.50","60.20","60.20","-0.2000","37"
"9944","新麗","230000","5531000","24.00","24.15","24.00","24.10","0.0000","65"
"9945","潤泰新","2419000","150889300","62.00","62.70","62.00","62.50","0.5000","1335"
"9946","三發地產","61000","909700","14.95","15.00","14.85","14.85","0.0000","35"
"9955","佳龍","125000","2143450","17.15","17.20","17.05","17.15","0.0500","53"
"9958","世紀鋼","1094000","122229500","112.50","113.00","111.00","111.50","-0.5000","723"
